{
    "variants": {
        "facing=north":[ { "model": "furnace" },{ "model": "furnace1" },{ "model": "furnace2" }],
        "facing=south":[ { "model": "furnace", "y": 180 },{ "model": "furnace1", "y": 180 },{ "model": "furnace2", "y": 180 }],
        "facing=west":[  { "model": "furnace", "y": 270 },{ "model": "furnace1", "y": 270 },{ "model": "furnace2", "y": 270 }],
        "facing=east":[  { "model": "furnace", "y": 90 },{ "model": "furnace1", "y": 90 },{ "model": "furnace2", "y": 90 }]
    }
}
