{
"__comment": "Designed by samasaurus6",
"textures": {
    "texture": "blocks/door_iron_lower",
    "gamebandbase": "blocks/anvil_base"
},
"elements": [ 
{
    "from": [ 0, 0, 0 ],
    "to": [ 3, 16, 16 ],
    "faces": {
        "down":  { "uv": [ 15, 16, 12, 0 ], "rotation": 180, "texture": "#texture" },
        "up":    { "uv": [ 1, 0, 4, 16 ], "rotation": 180, "texture": "#texture" },
        "north": { "uv": [ 1, 0, 4, 16 ], "texture": "#texture" },
        "south": { "uv": [ 12, 0, 15, 16 ], "texture": "#texture" },
        "west":  { "uv": [ 0, 16, 16, 0 ], "texture": "#texture" },
        "east":  { "uv": [ 16, 16, 0, 0 ], "texture": "#texture" }
    }
},
{
    "from": [ 3, 0, 1 ],
    "to": [ 4, 16, 3 ],
    "faces": {
        "down":  { "uv": [ 16, 15, 16, 13 ], "rotation": 180, "texture": "#gamebandbase" },
        "up":    { "uv": [ 0, 13, 0, 15 ], "rotation": 180, "texture": "#gamebandbase" },
        "north": { "uv": [ 0, 0, 0, 16 ], "texture": "#gamebandbase" },
        "south": { "uv": [ 16, 0, 16, 16 ], "texture": "#gamebandbase" },
        "west":  { "uv": [ 1, 0, 3, 16 ], "texture": "#gamebandbase" },
        "east":  { "uv": [ 13, 0, 15, 16 ], "texture": "#gamebandbase" }
    }
},
{
    "from": [ 3, 14, 3 ],
    "to": [ 4, 15, 15.5 ],
    "faces": {
        "down":  { "uv": [ 16, 13, 16, 0.5 ], "rotation": 180, "texture": "#gamebandbase" },
        "up":    { "uv": [ 0, 0.5, 0, 13 ], "rotation": 180, "texture": "#gamebandbase" },
        "north": { "uv": [ 0, 14, 0, 15 ], "texture": "#gamebandbase" },
        "south": { "uv": [ 16, 14, 16, 15 ], "texture": "#gamebandbase" },
        "west":  { "uv": [ 3, 14, 15.5, 15 ], "texture": "#gamebandbase" },
        "east":  { "uv": [ 0.5, 14, 13, 15 ], "texture": "#gamebandbase" }
    }
},
{
    "from": [ 3, 0, 15.5 ],
    "to": [ 4, 16, 16.5 ],
    "faces": {
        "down":  { "uv": [ 16, 1, 15, 0 ], "rotation": 180, "texture": "#gamebandbase" },
        "up":    { "uv": [ 0, 0, 1, 1 ], "rotation": 180, "texture": "#gamebandbase" },
        "north": { "uv": [ 0, 0, 1, 16 ], "texture": "#gamebandbase" },
        "south": { "uv": [ 15, 0, 16, 16 ], "texture": "#gamebandbase" },
        "west":  { "uv": [ 15, 0, 16, 16 ], "texture": "#gamebandbase" },
        "east":  { "uv": [ 0, 0, 1, 16 ], "texture": "#gamebandbase" }
    }
},
{
    "from": [ -1, 0, 1 ],
    "to": [ 0, 16, 3 ],
    "faces": {
        "down":  { "uv": [ 13, 15, 12, 13 ], "rotation": 180, "texture": "#gamebandbase" },
        "up":    { "uv": [ 3, 13, 4, 15 ], "rotation": 180, "texture": "#gamebandbase" },
        "north": { "uv": [ 3, 0, 4, 16 ], "texture": "#gamebandbase" },
        "south": { "uv": [ 12, 0, 13, 16 ], "texture": "#gamebandbase" },
        "west":  { "uv": [ 1, 0, 3, 16 ], "texture": "#gamebandbase" },
        "east":  { "uv": [ 13, 0, 15, 16 ], "texture": "#gamebandbase" }
    }
},
{
    "from": [ -1, 0, 15.5 ],
    "to": [ 0, 16, 16.5 ],
    "faces": {
        "down":  { "uv": [ 16, 1, 15, 0 ], "rotation": 180, "texture": "#gamebandbase" },
        "up":    { "uv": [ 0, 0, 1, 1 ], "rotation": 180, "texture": "#gamebandbase" },
        "north": { "uv": [ 0, 0, 1, 16 ], "texture": "#gamebandbase" },
        "south": { "uv": [ 15, 0, 16, 16 ], "texture": "#gamebandbase" },
        "west":  { "uv": [ 15, 0, 16, 16 ], "texture": "#gamebandbase" },
        "east":  { "uv": [ 0, 0, 1, 16 ], "texture": "#gamebandbase" }
    }
},
{
    "from": [ -1, 14, 3 ],
    "to": [ 0, 15, 15.5 ],
    "faces": {
        "down":  { "uv": [ 13, 13, 12, 0.5 ], "rotation": 180, "texture": "#gamebandbase" },
        "up":    { "uv": [ 3, 0.5, 4, 13 ], "rotation": 180, "texture": "#gamebandbase" },
        "north": { "uv": [ 3, 14, 4, 15 ], "texture": "#gamebandbase" },
        "south": { "uv": [ 12, 14, 13, 15 ], "texture": "#gamebandbase" },
        "west":  { "uv": [ 3, 14, 15.5, 15 ], "texture": "#gamebandbase" },
        "east":  { "uv": [ 0.5, 14, 13, 15 ], "texture": "#gamebandbase" }
    }
},
{
    "from": [ 1, 3, 16 ],
    "to": [ 2, 4, 17 ],
    "faces": {
        "down":  { "uv": [ 1, 10, 0, 11 ], "texture": "#texture" },
        "up":    { "uv": [ 0, 10, 1, 11 ], "texture": "#texture" },
        "north": { "uv": [ 0, 10, 1, 11 ], "texture": "#texture" },
        "south": { "uv": [ 0, 10, 1, 11 ], "texture": "#texture" },
        "west":  { "uv": [ 0, 10, 1, 11 ], "texture": "#texture" },
        "east":  { "uv": [ 0, 10, 1, 11 ], "texture": "#texture" }
    }
},
{
    "from": [ 1, 1, 16 ],
    "to": [ 2, 2, 17 ],
    "faces": {
        "down":  { "uv": [ 1, 10, 0, 11 ], "texture": "#texture" },
        "up":    { "uv": [ 0, 10, 1, 11 ], "texture": "#texture" },
        "north": { "uv": [ 0, 10, 1, 11 ], "texture": "#texture" },
        "south": { "uv": [ 0, 10, 1, 11 ], "texture": "#texture" },
        "west":  { "uv": [ 0, 10, 1, 11 ], "texture": "#texture" },
        "east":  { "uv": [ 0, 10, 1, 11 ], "texture": "#texture" }
    }
},
{
    "from": [ 1, -1, 16 ],
    "to": [ 2, 0, 17 ],
    "faces": {
        "down":  { "uv": [ 1, 10, 0, 11 ], "texture": "#texture" },
        "up":    { "uv": [ 0, 10, 1, 11 ], "texture": "#texture" },
        "north": { "uv": [ 0, 10, 1, 11 ], "texture": "#texture" },
        "south": { "uv": [ 0, 10, 1, 11 ], "texture": "#texture" },
        "west":  { "uv": [ 0, 10, 1, 11 ], "texture": "#texture" },
        "east":  { "uv": [ 0, 10, 1, 11 ], "texture": "#texture" }
    }
},
{
    "from": [ 1, 5, 16 ],
    "to": [ 2, 6, 17 ],
    "faces": {
        "down":  { "uv": [ 1, 10, 0, 11 ], "texture": "#texture" },
        "up":    { "uv": [ 0, 10, 1, 11 ], "texture": "#texture" },
        "north": { "uv": [ 0, 10, 1, 11 ], "texture": "#texture" },
        "south": { "uv": [ 0, 10, 1, 11 ], "texture": "#texture" },
        "west":  { "uv": [ 0, 10, 1, 11 ], "texture": "#texture" },
        "east":  { "uv": [ 0, 10, 1, 11 ], "texture": "#texture" }
    }
},
{
    "from": [ -1, -1, 3 ],
    "to": [ 0, 1, 15.5 ],
    "faces": {
        "down":  { "uv": [ 16, 15.5, 16, 3 ], "texture": "#gamebandbase" },
        "up":    { "uv": [ 0, 3, 0, 15.5 ], "texture": "#gamebandbase" },
        "north": { "uv": [ 16, 14, 16, 16 ], "texture": "#gamebandbase" },
        "south": { "uv": [ 0, 14, 0, 16 ], "texture": "#gamebandbase" },
        "west":  { "uv": [ 3, 14, 15.5, 16 ], "texture": "#gamebandbase" },
        "east":  { "uv": [ 0.5, 14, 13, 16 ], "texture": "#gamebandbase" }
    }
},
{
    "from": [ 3, -1, 3 ],
    "to": [ 4, 1, 15.5 ],
    "faces": {
        "down":  { "uv": [ 16, 15.5, 16, 3 ], "texture": "#gamebandbase" },
        "up":    { "uv": [ 0, 3, 0, 15.5 ], "texture": "#gamebandbase" },
        "north": { "uv": [ 16, 14, 16, 16 ], "texture": "#gamebandbase" },
        "south": { "uv": [ 0, 14, 0, 16 ], "texture": "#gamebandbase" },
        "west":  { "uv": [ 3, 14, 15.5, 16 ], "texture": "#gamebandbase" },
        "east":  { "uv": [ 0.5, 14, 13, 16 ], "texture": "#gamebandbase" }
    }
}
]
}