{
"__comment": "Designed by samasaurus6",
"textures": {
    "texture": "blocks/iron_block",
    "redstone_block": "gameband/hack_done",
    "door_iron_lower": "blocks/door_iron_lower"
},
"elements": [ 
{
    "from": [ 12, 3, 0 ],
    "to": [ 13, 14, 16 ],
    "faces": {
        "down":  { "uv": [ 0, 16, 16, 0 ], "texture": "#texture" },
        "up":    { "uv": [ 0, 0, 16, 16 ], "texture": "#texture" },
        "north": { "uv": [ 0, 0, 16, 16 ], "texture": "#texture" },
        "south": { "uv": [ 0, 0, 16, 16 ], "texture": "#texture" },
        "west":  { "uv": [ 0, 0, 16, 16 ], "texture": "#texture" },
        "east":  { "uv": [ 0, 0, 16, 16 ], "texture": "#texture" }
    }
},
{
    "from": [ 11, 0, 4 ],
    "to": [ 14, 1, 12 ],
    "faces": {
        "down":  { "uv": [ 1, 4, 0, 0 ], "rotation": 90, "texture": "#texture" },
        "up":    { "uv": [ 0, 0, 1, 4 ], "rotation": 90, "texture": "#texture" },
        "north": { "uv": [ 0, 15, 3, 16 ], "texture": "#texture" },
        "south": { "uv": [ 13, 15, 16, 16 ], "texture": "#texture" },
        "west":  { "uv": [ 4, 15, 12, 16 ], "texture": "#texture" },
        "east":  { "uv": [ 4, 15, 12, 16 ], "texture": "#texture" }
    }
},
{
    "from": [ 12.25, 1, 6 ],
    "to": [ 12.75, 3, 10 ],
    "faces": {
        "down":  { "uv": [ 3.75, 10, 3.25, 6 ], "texture": "#texture" },
        "up":    { "uv": [ 12.25, 6, 12.75, 10 ], "texture": "#texture" },
        "north": { "uv": [ 3.25, 13, 3.75, 15 ], "texture": "#texture" },
        "south": { "uv": [ 12.25, 13, 12.75, 15 ], "texture": "#texture" },
        "west":  { "uv": [ 6, 13, 10, 15 ], "texture": "#texture" },
        "east":  { "uv": [ 6, 13, 10, 15 ], "texture": "#texture" }
    }
},
{
    "from": [ 11.9375, 3.75, 1 ],
    "to": [ 12, 13.4375, 15 ],
    "faces": {
        "west":  { "uv": [ 0, 0, 16, 16 ], "texture": "#redstone_block" },
        "east":  { "uv": [ 0, 0, 16, 16 ], "texture": "#redstone_block" }
    }
},
{
    "from": [ 2, 0, 1 ],
    "to": [ 7, 1, 11 ],
    "faces": {
        "down":  { "uv": [ 14, 11, 9, 1 ], "texture": "#door_iron_lower" },
        "up":    { "uv": [ 2, 1, 7, 11 ], "texture": "#door_iron_lower" },
        "north": { "uv": [ 9, 15, 14, 16 ], "texture": "#door_iron_lower" },
        "south": { "uv": [ 2, 15, 7, 16 ], "texture": "#door_iron_lower" },
        "west":  { "uv": [ 1, 15, 11, 16 ], "texture": "#door_iron_lower" },
        "east":  { "uv": [ 5, 15, 15, 16 ], "texture": "#door_iron_lower" }
    }
},
{
    "from": [ 2, 0, 13 ],
    "to": [ 5, 1, 15 ],
    "faces": {
        "down":  { "uv": [ 14, 15, 11, 13 ], "texture": "#door_iron_lower" },
        "up":    { "uv": [ 2, 13, 5, 15 ], "texture": "#door_iron_lower" },
        "north": { "uv": [ 11, 15, 14, 16 ], "texture": "#door_iron_lower" },
        "south": { "uv": [ 2, 15, 5, 16 ], "texture": "#door_iron_lower" },
        "west":  { "uv": [ 13, 15, 15, 16 ], "texture": "#door_iron_lower" },
        "east":  { "uv": [ 1, 15, 3, 16 ], "texture": "#door_iron_lower" }
    }
},
{
    "from": [ 3.625, 0.125, 13.8125 ],
    "to": [ 4.8125, 1.125, 14.1875 ],
    "faces": {
        "down":  { "uv": [ 12.375, 14.1875, 11.1875, 13.8125 ], "texture": "#texture" },
        "up":    { "uv": [ 3.625, 13.8125, 4.8125, 14.1875 ], "texture": "#texture" },
        "north": { "uv": [ 11.1875, 14.875, 12.375, 15.875 ], "texture": "#texture" },
        "south": { "uv": [ 3.625, 14.875, 4.8125, 15.875 ], "texture": "#texture" },
        "west":  { "uv": [ 13.8125, 14.875, 14.1875, 15.875 ], "texture": "#texture" },
        "east":  { "uv": [ 1.8125, 14.875, 2.1875, 15.875 ], "texture": "#texture" }
    }
}
]
}