{
"__comment": "Designed by samasaurus6",
"textures": {
    "texture": "blocks/door_iron_lower",
    "gamebandbase": "blocks/anvil_base"
},
"elements": [ 
{
    "from": [ 0, 0, 0 ],
    "to": [ 3, 16, 16 ],
    "faces": {
        "down":  { "uv": [ 15, 16, 12, 0 ], "texture": "#texture" },
        "up":    { "uv": [ 1, 0, 4, 16 ], "texture": "#texture" },
        "north": { "uv": [ 12, 0, 15, 16 ], "texture": "#texture" },
        "south": { "uv": [ 1, 0, 4, 16 ], "texture": "#texture" },
        "west":  { "uv": [ 16, 16, 0, 0 ], "texture": "#texture" },
        "east":  { "uv": [ 0, 16, 16, 0 ], "texture": "#texture" }
    }
},
{
    "from": [ -1, 0, 13 ],
    "to": [ 0, 16, 15 ],
    "faces": {
        "down":  { "uv": [ 16, 15, 16, 13 ], "texture": "#gamebandbase" },
        "up":    { "uv": [ 0, 13, 0, 15 ], "texture": "#gamebandbase" },
        "north": { "uv": [ 16, 0, 16, 16 ], "texture": "#gamebandbase" },
        "south": { "uv": [ 0, 0, 0, 16 ], "texture": "#gamebandbase" },
        "west":  { "uv": [ 13, 0, 15, 16 ], "texture": "#gamebandbase" },
        "east":  { "uv": [ 1, 0, 3, 16 ], "texture": "#gamebandbase" }
    }
},
{
    "from": [ -1, 14, 0.5 ],
    "to": [ 0, 15, 13 ],
    "faces": {
        "down":  { "uv": [ 16, 13, 16, 0.5 ], "texture": "#gamebandbase" },
        "up":    { "uv": [ 0, 0.5, 0, 13 ], "texture": "#gamebandbase" },
        "north": { "uv": [ 16, 1, 16, 2 ], "texture": "#gamebandbase" },
        "south": { "uv": [ 0, 1, 0, 2 ], "texture": "#gamebandbase" },
        "west":  { "uv": [ 0.5, 1, 13, 2 ], "texture": "#gamebandbase" },
        "east":  { "uv": [ 3, 1, 15.5, 2 ], "texture": "#gamebandbase" }
    }
},
{
    "from": [ -1, 0, -0.5 ],
    "to": [ 0, 16, 0.5 ],
    "faces": {
        "down":  { "uv": [ 16, 1, 15, 0 ], "texture": "#gamebandbase" },
        "up":    { "uv": [ 0, 0, 1, 1 ], "texture": "#gamebandbase" },
        "north": { "uv": [ 15, 0, 16, 16 ], "texture": "#gamebandbase" },
        "south": { "uv": [ 0, 0, 1, 16 ], "texture": "#gamebandbase" },
        "west":  { "uv": [ 0, 0, 1, 16 ], "texture": "#gamebandbase" },
        "east":  { "uv": [ 15, 0, 16, 16 ], "texture": "#gamebandbase" }
    }
},
{
    "from": [ 3, 0, 13 ],
    "to": [ 4, 16, 15 ],
    "faces": {
        "down":  { "uv": [ 13, 15, 12, 13 ], "texture": "#gamebandbase" },
        "up":    { "uv": [ 3, 13, 4, 15 ], "texture": "#gamebandbase" },
        "north": { "uv": [ 12, 0, 13, 16 ], "texture": "#gamebandbase" },
        "south": { "uv": [ 3, 0, 4, 16 ], "texture": "#gamebandbase" },
        "west":  { "uv": [ 13, 0, 15, 16 ], "texture": "#gamebandbase" },
        "east":  { "uv": [ 1, 0, 3, 16 ], "texture": "#gamebandbase" }
    }
},
{
    "from": [ 3, 0, -0.5 ],
    "to": [ 4, 16, 0.5 ],
    "faces": {
        "down":  { "uv": [ 16, 1, 15, 0 ], "texture": "#gamebandbase" },
        "up":    { "uv": [ 0, 0, 1, 1 ], "texture": "#gamebandbase" },
        "north": { "uv": [ 15, 0, 16, 16 ], "texture": "#gamebandbase" },
        "south": { "uv": [ 0, 0, 1, 16 ], "texture": "#gamebandbase" },
        "west":  { "uv": [ 0, 0, 1, 16 ], "texture": "#gamebandbase" },
        "east":  { "uv": [ 15, 0, 16, 16 ], "texture": "#gamebandbase" }
    }
},
{
    "from": [ 3, 14, 0.5 ],
    "to": [ 4, 15, 13 ],
    "faces": {
        "down":  { "uv": [ 13, 13, 12, 0.5 ], "texture": "#gamebandbase" },
        "up":    { "uv": [ 3, 0.5, 4, 13 ], "texture": "#gamebandbase" },
        "north": { "uv": [ 12, 1, 13, 2 ], "texture": "#gamebandbase" },
        "south": { "uv": [ 3, 1, 4, 2 ], "texture": "#gamebandbase" },
        "west":  { "uv": [ 0.5, 1, 13, 2 ], "texture": "#gamebandbase" },
        "east":  { "uv": [ 3, 1, 15.5, 2 ], "texture": "#gamebandbase" }
    }
},
{
    "from": [ -1, -1, 0.5 ],
    "to": [ 0, 1, 13 ],
    "faces": {
        "down":  { "uv": [ 16, 13, 16, 0.5 ], "texture": "#gamebandbase" },
        "up":    { "uv": [ 0, 0.5, 0, 13 ], "texture": "#gamebandbase" },
        "north": { "uv": [ 16, 14, 16, 16 ], "texture": "#gamebandbase" },
        "south": { "uv": [ 0, 14, 0, 16 ], "texture": "#gamebandbase" },
        "west":  { "uv": [ 0.5, 14, 13, 16 ], "texture": "#gamebandbase" },
        "east":  { "uv": [ 3, 14, 15.5, 16 ], "texture": "#gamebandbase" }
    }
},
{
    "from": [ 3, -1, 0.5 ],
    "to": [ 4, 1, 13 ],
    "faces": {
        "down":  { "uv": [ 16, 13, 16, 0.5 ], "texture": "#gamebandbase" },
        "up":    { "uv": [ 0, 0.5, 0, 13 ], "texture": "#gamebandbase" },
        "north": { "uv": [ 16, 14, 16, 16 ], "texture": "#gamebandbase" },
        "south": { "uv": [ 0, 14, 0, 16 ], "texture": "#gamebandbase" },
        "west":  { "uv": [ 0.5, 14, 13, 16 ], "texture": "#gamebandbase" },
        "east":  { "uv": [ 3, 14, 15.5, 16 ], "texture": "#gamebandbase" }
    }
},
{
    "from": [ 1, 1, -1 ],
    "to": [ 2, 2, 0 ],
    "faces": {
        "down":  { "uv": [ 1, 10, 0, 11 ], "texture": "#texture" },
        "up":    { "uv": [ 0, 10, 1, 11 ], "texture": "#texture" },
        "north": { "uv": [ 0, 10, 1, 11 ], "texture": "#texture" },
        "south": { "uv": [ 0, 10, 1, 11 ], "texture": "#texture" },
        "west":  { "uv": [ 0, 10, 1, 11 ], "texture": "#texture" },
        "east":  { "uv": [ 0, 10, 1, 11 ], "texture": "#texture" }
    }
},
{
    "from": [ 1, 3, -1 ],
    "to": [ 2, 4, 0 ],
    "faces": {
        "down":  { "uv": [ 1, 10, 0, 11 ], "texture": "#texture" },
        "up":    { "uv": [ 0, 10, 1, 11 ], "texture": "#texture" },
        "north": { "uv": [ 0, 10, 1, 11 ], "texture": "#texture" },
        "south": { "uv": [ 0, 10, 1, 11 ], "texture": "#texture" },
        "west":  { "uv": [ 0, 10, 1, 11 ], "texture": "#texture" },
        "east":  { "uv": [ 0, 10, 1, 11 ], "texture": "#texture" }
    }
},
{
    "from": [ 1, 5, -1 ],
    "to": [ 2, 6, 0 ],
    "faces": {
        "down":  { "uv": [ 1, 10, 0, 11 ], "texture": "#texture" },
        "up":    { "uv": [ 0, 10, 1, 11 ], "texture": "#texture" },
        "north": { "uv": [ 0, 10, 1, 11 ], "texture": "#texture" },
        "south": { "uv": [ 0, 10, 1, 11 ], "texture": "#texture" },
        "west":  { "uv": [ 0, 10, 1, 11 ], "texture": "#texture" },
        "east":  { "uv": [ 0, 10, 1, 11 ], "texture": "#texture" }
    }
},
{
    "from": [ 1, -1, -1 ],
    "to": [ 2, 0, 0 ],
    "faces": {
        "down":  { "uv": [ 1, 10, 0, 11 ], "texture": "#texture" },
        "up":    { "uv": [ 0, 10, 1, 11 ], "texture": "#texture" },
        "north": { "uv": [ 0, 10, 1, 11 ], "texture": "#texture" },
        "south": { "uv": [ 0, 10, 1, 11 ], "texture": "#texture" },
        "west":  { "uv": [ 0, 10, 1, 11 ], "texture": "#texture" },
        "east":  { "uv": [ 0, 10, 1, 11 ], "texture": "#texture" }
    }
}
]
}