{
"__comment": "Designed by samasaurus6",
"textures": {
    "particle": "blocks/door_iron_lower",
    "texture": "blocks/door_iron_lower",
    "anvil_base": "blocks/anvil_base"
},
"elements": [ 
{
    "from": [ 0, 0, 0 ],
    "to": [ 3, 16, 16 ],
    "faces": {
        "down":  { "uv": [ 16, 0, 13, 16 ], "texture": "#texture" },
        "up":    { "uv": [ 0, 16, 3, 0 ], "texture": "#texture" },
        "north": { "uv": [ 13, 16, 16, 0 ], "texture": "#texture" },
        "south": { "uv": [ 0, 16, 3, 0 ], "texture": "#texture" },
        "west":  { "uv": [ 0, 16, 16, 0 ], "texture": "#texture" },
        "east":  { "uv": [ 0, 16, 16, 0 ], "texture": "#texture" }
    }
},
{
    "from": [ 3, 0, 1 ],
    "to": [ 3.5, 16, 3 ],
    "faces": {
        "down":  { "uv": [ 13, 3, 12, 1 ], "texture": "#anvil_base" },
        "up":    { "uv": [ 3, 1, 4, 3 ], "texture": "#anvil_base" },
        "north": { "uv": [ 12, 0, 13, 16 ], "texture": "#anvil_base" },
        "south": { "uv": [ 3, 0, 4, 16 ], "texture": "#anvil_base" },
        "west":  { "uv": [ 1, 0, 3, 16 ], "texture": "#anvil_base" },
        "east":  { "uv": [ 13, 0, 15, 16 ], "texture": "#anvil_base" }
    }
},
{
    "from": [ -0.5, 0, 13 ],
    "to": [ 0, 16, 15 ],
    "faces": {
        "down":  { "uv": [ 13, 14, 12, 12 ], "texture": "#anvil_base" },
        "up":    { "uv": [ 3, 12, 4, 14 ], "texture": "#anvil_base" },
        "north": { "uv": [ 7, 0, 8, 16 ], "texture": "#anvil_base" },
        "south": { "uv": [ 3, 0, 4, 16 ], "texture": "#anvil_base" },
        "west":  { "uv": [ 7, 0, 9, 16 ], "texture": "#anvil_base" },
        "east":  { "uv": [ 4, 0, 6, 16 ], "texture": "#anvil_base" }
    }
},
{
    "from": [ 3, 0, 13 ],
    "to": [ 3.5, 16, 15 ],
    "faces": {
        "down":  { "uv": [ 13, 14, 12, 12 ], "texture": "#anvil_base" },
        "up":    { "uv": [ 3, 12, 4, 14 ], "texture": "#anvil_base" },
        "north": { "uv": [ 7, 0, 8, 16 ], "texture": "#anvil_base" },
        "south": { "uv": [ 3, 0, 4, 16 ], "texture": "#anvil_base" },
        "west":  { "uv": [ 10, 0, 12, 16 ], "texture": "#anvil_base" },
        "east":  { "uv": [ 2, 0, 4, 16 ], "texture": "#anvil_base" }
    }
},
{
    "from": [ -0.5, 0, 1 ],
    "to": [ 0, 16, 3 ],
    "faces": {
        "down":  { "uv": [ 13, 14, 12, 12 ], "texture": "#anvil_base" },
        "up":    { "uv": [ 3, 12, 4, 14 ], "texture": "#anvil_base" },
        "north": { "uv": [ 7, 0, 8, 16 ], "texture": "#anvil_base" },
        "south": { "uv": [ 3, 0, 4, 16 ], "texture": "#anvil_base" },
        "west":  { "uv": [ 7, 0, 9, 16 ], "texture": "#anvil_base" },
        "east":  { "uv": [ 4, 0, 6, 16 ], "texture": "#anvil_base" }
    }
},
{
    "from": [ 3, 13, 1 ],
    "to": [ 4, 15, 15 ],
    "faces": {
        "down":  { "uv": [ 13, 16, 12.5, 0 ], "texture": "#anvil_base" },
        "up":    { "uv": [ 3, 0, 3.5, 16 ], "texture": "#anvil_base" },
        "north": { "uv": [ 12.5, 1, 13, 3 ], "texture": "#anvil_base" },
        "south": { "uv": [ 3, 1, 3.5, 3 ], "texture": "#anvil_base" },
        "west":  { "uv": [ 0, 1, 16, 3 ], "texture": "#anvil_base" },
        "east":  { "uv": [ 0, 1, 16, 3 ], "texture": "#anvil_base" }
    }
},
{
    "from": [ -1, 13, 1 ],
    "to": [ 0, 15, 15 ],
    "faces": {
        "down":  { "uv": [ 13, 16, 12.5, 0 ], "texture": "#anvil_base" },
        "up":    { "uv": [ 3, 0, 3.5, 16 ], "texture": "#anvil_base" },
        "north": { "uv": [ 12.5, 1, 13, 3 ], "texture": "#anvil_base" },
        "south": { "uv": [ 3, 1, 3.5, 3 ], "texture": "#anvil_base" },
        "west":  { "uv": [ 0, 1, 16, 3 ], "texture": "#anvil_base" },
        "east":  { "uv": [ 0, 1, 16, 3 ], "texture": "#anvil_base" }
    }
}
]
}