{
"__comment": "Designed by samasaurus6",
"textures": {
    "particle": "blocks/wool_colored_black",
    "texture": "blocks/wool_colored_black",
    "anvil_base": "blocks/anvil_base",
    "iron_block": "blocks/coal_block"
},
"elements": [ 
{
    "from": [ 2, 7.5, 2 ],
    "to": [ 14, 9, 14 ],
    "faces": {
        "down":  { "uv": [ 12, 12, 4, 4 ], "rotation": 270, "texture": "#texture" },
        "up":    { "uv": [ 4, 4, 12, 12 ], "rotation": 90, "texture": "#texture" },
        "north": { "uv": [ 4, 10, 12, 11 ], "texture": "#texture" },
        "south": { "uv": [ 4, 10, 12, 11 ], "texture": "#texture" },
        "west":  { "uv": [ 4, 10, 12, 11 ], "texture": "#texture" },
        "east":  { "uv": [ 4, 10, 12, 11 ], "texture": "#texture" }
    }
},
{
    "from": [ 1.25, 6.75, 1.25 ],
    "to": [ 14.75, 8.25, 14.75 ],
    "faces": {
        "down":  { "uv": [ 12.5, 12.5, 3.5, 3.5 ], "rotation": 270, "texture": "#anvil_base" },
        "up":    { "uv": [ 3.5, 3.5, 12.5, 12.5 ], "rotation": 90, "texture": "#anvil_base" },
        "north": { "uv": [ 3.5, 10.5, 12.5, 11.5 ], "texture": "#anvil_base" },
        "south": { "uv": [ 3.5, 10.5, 12.5, 11.5 ], "texture": "#anvil_base" },
        "west":  { "uv": [ 3.5, 10.5, 12.5, 11.5 ], "texture": "#anvil_base" },
        "east":  { "uv": [ 3.5, 10.5, 12.5, 11.5 ], "texture": "#anvil_base" }
    }
},
{
    "from": [ 14.75, 7.125, 6.5 ],
    "to": [ 17, 13.125, 9.5 ],
    "rotation": { "origin": [ 14.75, 13.125, 6.5 ], "axis": "z", "angle": -22.5 },
    "faces": {
        "down":  { "uv": [ 9, 4, 7, 2.5 ], "rotation": 270, "texture": "#anvil_base" },
        "up":    { "uv": [ 7, 2.5, 9, 4 ], "rotation": 90, "texture": "#anvil_base" },
        "north": { "uv": [ 2.5, 5, 4, 9 ], "texture": "#anvil_base" },
        "south": { "uv": [ 12, 5, 13.5, 9 ], "texture": "#anvil_base" },
        "west":  { "uv": [ 7, 5, 9, 9 ], "texture": "#anvil_base" },
        "east":  { "uv": [ 7, 5, 9, 9 ], "texture": "#anvil_base" }
    }
},
{
    "from": [ 14.75, 11.9063, 6.875 ],
    "to": [ 16.7188, 21.75, 9.125 ],
    "faces": {
        "down":  { "uv": [ 9, 4, 7, 2.5 ], "rotation": 270, "texture": "#anvil_base" },
        "up":    { "uv": [ 7, 2.5, 9, 4 ], "rotation": 90, "texture": "#anvil_base" },
        "north": { "uv": [ 2.5, 5, 4, 9 ], "texture": "#anvil_base" },
        "south": { "uv": [ 12, 5, 13.5, 9 ], "texture": "#anvil_base" },
        "west":  { "uv": [ 7, 5, 9, 9 ], "texture": "#anvil_base" },
        "east":  { "uv": [ 7, 5, 9, 9 ], "texture": "#anvil_base" }
    }
},
{
    "from": [ 14, 13.5, 2 ],
    "to": [ 15.5, 24, 14 ],
    "faces": {
        "down":  { "uv": [ 12, 3.875, 4, 2.875 ], "rotation": 270, "texture": "#texture" },
        "up":    { "uv": [ 4, 2.875, 12, 3.875 ], "rotation": 90, "texture": "#texture" },
        "north": { "uv": [ 2.875, 0, 3.875, 7 ], "texture": "#texture" },
        "south": { "uv": [ 12.125, 0, 13.125, 7 ], "texture": "#texture" },
        "west":  { "uv": [ 4, 0, 12, 7 ], "texture": "#texture" },
        "east":  { "uv": [ 4, 0, 12, 7 ], "texture": "#texture" }
    }
},
{
    "from": [ 6.5, 2.25, 6.5 ],
    "to": [ 9.5, 6.75, 9.5 ],
    "faces": {
        "down":  { "uv": [ 9, 9, 7, 7 ], "rotation": 270, "texture": "#anvil_base" },
        "up":    { "uv": [ 7, 7, 9, 9 ], "rotation": 90, "texture": "#anvil_base" },
        "north": { "uv": [ 7, 11.5, 9, 14.5 ], "texture": "#anvil_base" },
        "south": { "uv": [ 7, 11.5, 9, 14.5 ], "texture": "#anvil_base" },
        "west":  { "uv": [ 7, 11.5, 9, 14.5 ], "texture": "#anvil_base" },
        "east":  { "uv": [ 7, 11.5, 9, 14.5 ], "texture": "#anvil_base" }
    }
},
{
    "from": [ 2.65625, 0.75, 7.25 ],
    "to": [ 7.15625, 2.25, 8.75 ],
    "rotation": { "origin": [ 2.65625, 2.25, 7.25 ], "axis": "z", "angle": 22.5 },
    "faces": {
        "down":  { "uv": [ 8.5, 12.5, 7.5, 10.5 ], "rotation": 270, "texture": "#anvil_base" },
        "up":    { "uv": [ 7.5, 10.5, 8.5, 12.5 ], "rotation": 90, "texture": "#anvil_base" },
        "north": { "uv": [ 10.5, 14, 12.5, 15 ], "texture": "#anvil_base" },
        "south": { "uv": [ 3.5, 14, 5.5, 15 ], "texture": "#anvil_base" },
        "west":  { "uv": [ 7.5, 14, 8.5, 15 ], "texture": "#anvil_base" },
        "east":  { "uv": [ 7.5, 14, 8.5, 15 ], "texture": "#anvil_base" }
    }
},
{
    "from": [ 9.3125, 2.4375, 7.25 ],
    "to": [ 13.8125, 3.9375, 8.75 ],
    "rotation": { "origin": [ 9.3125, 3.9375, 7.25 ], "axis": "z", "angle": -22.5 },
    "faces": {
        "down":  { "uv": [ 8.5, 12.5, 7.5, 10.5 ], "rotation": 270, "texture": "#anvil_base" },
        "up":    { "uv": [ 7.5, 10.5, 8.5, 12.5 ], "rotation": 90, "texture": "#anvil_base" },
        "north": { "uv": [ 10.5, 14, 12.5, 15 ], "texture": "#anvil_base" },
        "south": { "uv": [ 3.5, 14, 5.5, 15 ], "texture": "#anvil_base" },
        "west":  { "uv": [ 7.5, 14, 8.5, 15 ], "texture": "#anvil_base" },
        "east":  { "uv": [ 7.5, 14, 8.5, 15 ], "texture": "#anvil_base" }
    }
},
{
    "from": [ 7.25, 2.53125, 9.21875 ],
    "to": [ 8.75, 4.03125, 13.7188 ],
    "rotation": { "origin": [ 7.25, 4.03125, 9.21875 ], "axis": "x", "angle": 22.5 },
    "faces": {
        "down":  { "uv": [ 7, 8.5, 4.5, 7.5 ], "rotation": 270, "texture": "#anvil_base" },
        "up":    { "uv": [ 9, 7.5, 11.5, 8.5 ], "rotation": 90, "texture": "#anvil_base" },
        "north": { "uv": [ 7.5, 13.5, 8.5, 14.5 ], "texture": "#anvil_base" },
        "south": { "uv": [ 7.5, 13.5, 8.5, 14.5 ], "texture": "#anvil_base" },
        "west":  { "uv": [ 9, 13.5, 11.5, 14.5 ], "texture": "#anvil_base" },
        "east":  { "uv": [ 4.5, 13.5, 7, 14.5 ], "texture": "#anvil_base" }
    }
},
{
    "from": [ 7.25, 0.65625, 2.46875 ],
    "to": [ 8.75, 2.15625, 6.96875 ],
    "rotation": { "origin": [ 7.25, 2.15625, 2.46875 ], "axis": "x", "angle": -22.5 },
    "faces": {
        "down":  { "uv": [ 7, 8.5, 4.5, 7.5 ], "rotation": 270, "texture": "#anvil_base" },
        "up":    { "uv": [ 9, 7.5, 11.5, 8.5 ], "rotation": 90, "texture": "#anvil_base" },
        "north": { "uv": [ 7.5, 13.5, 8.5, 14.5 ], "texture": "#anvil_base" },
        "south": { "uv": [ 7.5, 13.5, 8.5, 14.5 ], "texture": "#anvil_base" },
        "west":  { "uv": [ 9, 13.5, 11.5, 14.5 ], "texture": "#anvil_base" },
        "east":  { "uv": [ 4.5, 13.5, 7, 14.5 ], "texture": "#anvil_base" }
    }
},
{
    "from": [ 12.5, 0, 6.96875 ],
    "to": [ 14.75, 2.25, 9.21875 ],
    "faces": {
        "down":  { "uv": [ 8.75, 5.125, 7.25, 3.625 ], "rotation": 270, "texture": "#iron_block" },
        "up":    { "uv": [ 7.25, 3.625, 8.75, 5.125 ], "rotation": 90, "texture": "#iron_block" },
        "north": { "uv": [ 3.625, 14.5, 5.125, 16 ], "texture": "#iron_block" },
        "south": { "uv": [ 10.875, 14.5, 12.375, 16 ], "texture": "#iron_block" },
        "west":  { "uv": [ 7.25, 14.5, 8.75, 16 ], "texture": "#iron_block" },
        "east":  { "uv": [ 7.25, 14.5, 8.75, 16 ], "texture": "#iron_block" }
    }
},
{
    "from": [ 1.25, 0, 6.875 ],
    "to": [ 3.5, 2.25, 9.125 ],
    "faces": {
        "down":  { "uv": [ 8.75, 12.375, 7.25, 10.875 ], "rotation": 270, "texture": "#iron_block" },
        "up":    { "uv": [ 7.25, 10.875, 8.75, 12.375 ], "rotation": 90, "texture": "#iron_block" },
        "north": { "uv": [ 10.875, 14.5, 12.375, 16 ], "texture": "#iron_block" },
        "south": { "uv": [ 3.625, 14.5, 5.125, 16 ], "texture": "#iron_block" },
        "west":  { "uv": [ 7.25, 14.5, 8.75, 16 ], "texture": "#iron_block" },
        "east":  { "uv": [ 7.25, 14.5, 8.75, 16 ], "texture": "#iron_block" }
    }
},
{
    "from": [ 6.875, 0, 12.5 ],
    "to": [ 9.125, 2.25, 14.75 ],
    "faces": {
        "down":  { "uv": [ 5.25, 8.75, 3.75, 7.25 ], "rotation": 270, "texture": "#iron_block" },
        "up":    { "uv": [ 10.75, 7.25, 12.25, 8.75 ], "rotation": 90, "texture": "#iron_block" },
        "north": { "uv": [ 7.25, 14.5, 8.75, 16 ], "texture": "#iron_block" },
        "south": { "uv": [ 7.25, 14.5, 8.75, 16 ], "texture": "#iron_block" },
        "west":  { "uv": [ 10.75, 14.5, 12.25, 16 ], "texture": "#iron_block" },
        "east":  { "uv": [ 3.75, 14.5, 5.25, 16 ], "texture": "#iron_block" }
    }
},
{
    "from": [ 6.96875, 0, 1.25 ],
    "to": [ 9.21875, 2.25, 3.5 ],
    "faces": {
        "down":  { "uv": [ 12.375, 8.75, 10.875, 7.25 ], "rotation": 270, "texture": "#iron_block" },
        "up":    { "uv": [ 3.625, 7.25, 5.125, 8.75 ], "rotation": 90, "texture": "#iron_block" },
        "north": { "uv": [ 7.25, 14.5, 8.75, 16 ], "texture": "#iron_block" },
        "south": { "uv": [ 7.25, 14.5, 8.75, 16 ], "texture": "#iron_block" },
        "west":  { "uv": [ 3.625, 14.5, 5.125, 16 ], "texture": "#iron_block" },
        "east":  { "uv": [ 10.875, 14.5, 12.375, 16 ], "texture": "#iron_block" }
    }
},
{
    "from": [ 6.5, 8.25, 1.25 ],
    "to": [ 8.75, 12.75, 2 ],
    "faces": {
        "down":  { "uv": [ 9, 4, 7, 2.5 ], "rotation": 270, "texture": "#anvil_base" },
        "up":    { "uv": [ 7, 2.5, 9, 4 ], "rotation": 90, "texture": "#anvil_base" },
        "north": { "uv": [ 2.5, 5, 4, 9 ], "texture": "#anvil_base" },
        "south": { "uv": [ 12, 5, 13.5, 9 ], "texture": "#anvil_base" },
        "west":  { "uv": [ 7, 5, 9, 9 ], "texture": "#anvil_base" },
        "east":  { "uv": [ 7, 5, 9, 9 ], "texture": "#anvil_base" }
    }
},
{
    "from": [ 2.75, 12, 0.5 ],
    "to": [ 11.75, 13.5, 2.75 ],
    "faces": {
        "down":  { "uv": [ 13, 11.5, 11.5, 5.5 ], "rotation": 270, "texture": "#texture" },
        "up":    { "uv": [ 3, 5.5, 4.5, 11.5 ], "rotation": 90, "texture": "#texture" },
        "north": { "uv": [ 5.5, 7, 11.5, 8 ], "texture": "#texture" },
        "south": { "uv": [ 4.5, 7, 10.5, 8 ], "texture": "#texture" },
        "west":  { "uv": [ 3, 7, 4.5, 8 ], "texture": "#texture" },
        "east":  { "uv": [ 11.5, 7, 13, 8 ], "texture": "#texture" }
    }
},
{
    "from": [ 6.5, 8.25, 14 ],
    "to": [ 8.75, 12.75, 14.75 ],
    "faces": {
        "down":  { "uv": [ 9, 4, 7, 2.5 ], "rotation": 270, "texture": "#anvil_base" },
        "up":    { "uv": [ 7, 2.5, 9, 4 ], "rotation": 90, "texture": "#anvil_base" },
        "north": { "uv": [ 2.5, 5, 4, 9 ], "texture": "#anvil_base" },
        "south": { "uv": [ 12, 5, 13.5, 9 ], "texture": "#anvil_base" },
        "west":  { "uv": [ 7, 5, 9, 9 ], "texture": "#anvil_base" },
        "east":  { "uv": [ 7, 5, 9, 9 ], "texture": "#anvil_base" }
    }
},
{
    "from": [ 2.75, 12, 13.25 ],
    "to": [ 11.75, 13.5, 15.5 ],
    "faces": {
        "down":  { "uv": [ 4.5, 11.5, 3, 5.5 ], "rotation": 270, "texture": "#texture" },
        "up":    { "uv": [ 11.5, 5.5, 13, 11.5 ], "rotation": 90, "texture": "#texture" },
        "north": { "uv": [ 5.5, 7, 11.5, 8 ], "texture": "#texture" },
        "south": { "uv": [ 4.5, 7, 10.5, 8 ], "texture": "#texture" },
        "west":  { "uv": [ 11.5, 7, 13, 8 ], "texture": "#texture" },
        "east":  { "uv": [ 3, 7, 4.5, 8 ], "texture": "#texture" }
    }
}
]
}