{
"__comment": "Designed by samasaurus6",
"textures": {
    "textureblock": "blocks/anvil_base",
    "beacon": "blocks/beacon",
    "hardened_clay_stained_yellow": "blocks/gold_block",
    "hardened_clay_stained_lime": "blocks/cactus_top",
    "hardened_clay_stained_red": "blocks/bed_feet_top"
},
"elements": [ 
{
    "from": [ 6, 0, 5 ],
    "to": [ 8, 1, 11 ],
    "faces": {
        "down":  { "uv": [ 15, 15, 13, 9 ], "texture": "#textureblock" },
        "up":    { "uv": [ 13, 8.5, 15, 14.5 ], "texture": "#textureblock" },
        "north": { "uv": [ 8, 15, 10, 16 ], "texture": "#textureblock" },
        "south": { "uv": [ 6, 15, 8, 16 ], "texture": "#textureblock" },
        "west":  { "uv": [ 5, 15, 11, 16 ], "texture": "#textureblock" },
        "east":  { "uv": [ 5, 15, 11, 16 ], "texture": "#textureblock" }
    }
},
{
    "from": [ 8.25, 0, 5 ],
    "to": [ 9.75, 1, 11 ],
    "faces": {
        "down":  { "uv": [ 6, 15, 4.5, 9 ], "texture": "#textureblock" },
        "up":    { "uv": [ 6.5, 9, 8, 15 ], "texture": "#textureblock" },
        "north": { "uv": [ 6.25, 15, 7.75, 16 ], "texture": "#textureblock" },
        "south": { "uv": [ 8.25, 15, 9.75, 16 ], "texture": "#textureblock" },
        "west":  { "uv": [ 5, 15, 11, 16 ], "texture": "#textureblock" },
        "east":  { "uv": [ 5, 15, 11, 16 ], "texture": "#textureblock" }
    }
},
{
    "from": [ 6.1875, 0, 5.125 ],
    "to": [ 9.625, 0.5, 10.9375 ],
    "faces": {
        "down":  { "uv": [ 9.8125, 10.9375, 6.375, 5.125 ], "texture": "#beacon" },
        "up":    { "uv": [ 6.1875, 5.125, 9.625, 10.9375 ], "texture": "#beacon" },
        "north": { "uv": [ 6.375, 15.5, 9.8125, 16 ], "texture": "#beacon" },
        "south": { "uv": [ 6.1875, 15.5, 9.625, 16 ], "texture": "#beacon" },
        "west":  { "uv": [ 5.125, 15.5, 10.9375, 16 ], "texture": "#beacon" },
        "east":  { "uv": [ 5.0625, 15.5, 10.875, 16 ], "texture": "#beacon" }
    }
},
{
    "from": [ 6.5, 1, 10 ],
    "to": [ 7, 1.0625, 10.5 ],
    "faces": {
        "down":  { "uv": [ 9.5, 10.5, 9, 10 ], "texture": "#hardened_clay_stained_yellow" },
        "up":    { "uv": [ 6.5, 10, 7, 10.5 ], "texture": "#hardened_clay_stained_yellow" }
    }
},
{
    "from": [ 6.5, 1, 9 ],
    "to": [ 7, 1.0625, 9.5 ],
    "faces": {
        "down":  { "uv": [ 9.5, 9.5, 9, 9 ], "texture": "#hardened_clay_stained_red" },
        "up":    { "uv": [ 6.5, 9, 7, 9.5 ], "texture": "#hardened_clay_stained_red" }
    }
},
{
    "from": [ 8.75, 1, 5.6875 ],
    "to": [ 9.25, 1.0625, 6.1875 ],
    "faces": {
        "down":  { "uv": [ 7.25, 6.1875, 6.75, 5.6875 ], "texture": "#hardened_clay_stained_lime" },
        "up":    { "uv": [ 6, 6.5, 6.5, 7 ], "texture": "#hardened_clay_stained_lime" }
    }
}
]
}