{
"__comment": "Designed by samasaurus6",
"textures": {
    "particle": "blocks/log_oak",
    "texture": "blocks/log_oak",
    "wool_colored_red": "blocks/wool_colored_black"
},
"elements": [ 
{
    "from": [ 9, -1.6875, 7 ],
    "to": [ 11, 7.3125, 9 ],
    "rotation": { "origin": [ 9, 7.3125, 7 ], "axis": "z", "angle": 22.5 },
    "faces": {
        "down":  { "uv": [ 6, 5, 4, 3 ], "texture": "#texture" },
        "up":    { "uv": [ 10, 3, 12, 5 ], "texture": "#texture" },
        "north": { "uv": [ 4, 0, 6, 12 ], "texture": "#texture" },
        "south": { "uv": [ 10, 0, 12, 12 ], "texture": "#texture" },
        "west":  { "uv": [ 3, 0, 5, 12 ], "texture": "#texture" },
        "east":  { "uv": [ 11, 0, 13, 12 ], "texture": "#texture" }
    }
},
{
    "from": [ 5.3125, -0.9375, 7 ],
    "to": [ 7.3125, 8.0625, 9 ],
    "rotation": { "origin": [ 5.3125, 8.0625, 7 ], "axis": "z", "angle": -22.5 },
    "faces": {
        "down":  { "uv": [ 6, 5, 4, 3 ], "texture": "#texture" },
        "up":    { "uv": [ 10, 3, 12, 5 ], "texture": "#texture" },
        "north": { "uv": [ 4, 0, 6, 12 ], "texture": "#texture" },
        "south": { "uv": [ 10, 0, 12, 12 ], "texture": "#texture" },
        "west":  { "uv": [ 3, 0, 5, 12 ], "texture": "#texture" },
        "east":  { "uv": [ 11, 0, 13, 12 ], "texture": "#texture" }
    }
},
{
    "from": [ 7, -1.75, 9 ],
    "to": [ 9, 7.25, 11 ],
    "rotation": { "origin": [ 7, 7.25, 9 ], "axis": "x", "angle": -22.5 },
    "faces": {
        "down":  { "uv": [ 6, 5, 4, 3 ], "texture": "#texture" },
        "up":    { "uv": [ 10, 3, 12, 5 ], "texture": "#texture" },
        "north": { "uv": [ 4, 0, 6, 12 ], "texture": "#texture" },
        "south": { "uv": [ 10, 0, 12, 12 ], "texture": "#texture" },
        "west":  { "uv": [ 3, 0, 5, 12 ], "texture": "#texture" },
        "east":  { "uv": [ 11, 0, 13, 12 ], "texture": "#texture" }
    }
},
{
    "from": [ 7, -1, 5.25 ],
    "to": [ 9, 8, 7.25 ],
    "rotation": { "origin": [ 7, 8, 5.25 ], "axis": "x", "angle": 22.5 },
    "faces": {
        "down":  { "uv": [ 6, 5, 4, 3 ], "texture": "#texture" },
        "up":    { "uv": [ 10, 3, 12, 5 ], "texture": "#texture" },
        "north": { "uv": [ 4, 0, 6, 12 ], "texture": "#texture" },
        "south": { "uv": [ 10, 0, 12, 12 ], "texture": "#texture" },
        "west":  { "uv": [ 3, 0, 5, 12 ], "texture": "#texture" },
        "east":  { "uv": [ 11, 0, 13, 12 ], "texture": "#texture" }
    }
},
{
    "from": [ 4, 6.5, 4 ],
    "to": [ 12, 9.5, 12 ],
    "faces": {
        "down":  { "uv": [ 12, 12, 4, 4 ], "texture": "#texture" },
        "up":    { "uv": [ 4, 4, 12, 12 ], "texture": "#texture" },
        "north": { "uv": [ 4, 6.5, 12, 9.5 ], "texture": "#texture" },
        "south": { "uv": [ 4, 6.5, 12, 9.5 ], "texture": "#texture" },
        "west":  { "uv": [ 4, 6.5, 12, 9.5 ], "texture": "#texture" },
        "east":  { "uv": [ 4, 6.5, 12, 9.5 ], "texture": "#texture" }
    }
},
{
    "from": [ 4.5, 9.5, 4.5 ],
    "to": [ 11.5, 10, 11.5 ],
    "faces": {
        "down":  { "uv": [ 11.5, 11.5, 4.5, 4.5 ], "texture": "#wool_colored_red" },
        "up":    { "uv": [ 4.5, 4.5, 11.5, 11.5 ], "texture": "#wool_colored_red" },
        "north": { "uv": [ 4.5, 6, 11.5, 6.5 ], "texture": "#wool_colored_red" },
        "south": { "uv": [ 4.5, 6, 11.5, 6.5 ], "texture": "#wool_colored_red" },
        "west":  { "uv": [ 4.5, 6, 11.5, 6.5 ], "texture": "#wool_colored_red" },
        "east":  { "uv": [ 4.5, 6, 11.5, 6.5 ], "texture": "#wool_colored_red" }
    }
}
]
}