{
"__comment": "Designed by samasaurus6",
"textures": {
    "particle": "blocks/log_oak",
    "texture": "blocks/door_iron_lower"
},
"elements": [ 
{
    "from": [ 8.625, 0, 5.5625 ],
    "to": [ 17.625, 1, 8.5625 ],
    "rotation": { "origin": [ 8.625, 0, 5.5625 ], "axis": "y", "angle": -45 },
    "faces": {
        "down":  { "uv": [ 11, 8.5, 2, 6.5 ], "texture": "#texture" },
        "up":    { "uv": [ 5, 6.5, 14, 8.5 ], "texture": "#texture" },
        "north": { "uv": [ 2, 0, 11, 1 ], "texture": "#texture" },
        "south": { "uv": [ 5, 0, 14, 1 ], "texture": "#texture" },
        "west":  { "uv": [ 6.5, 0, 8.5, 1 ], "texture": "#texture" },
        "east":  { "uv": [ 7.5, 0, 9.5, 1 ], "texture": "#texture" }
    }
},
{
    "from": [ 7, 0, 8 ],
    "to": [ 8, 1, 9 ],
    "faces": {
        "down":  { "uv": [ 9, 9, 8, 8 ], "texture": "#texture" },
        "up":    { "uv": [ 7, 8, 8, 9 ], "texture": "#texture" },
        "north": { "uv": [ 8, 14.5, 9, 15.5 ], "texture": "#texture" },
        "south": { "uv": [ 7, 14.5, 8, 15.5 ], "texture": "#texture" },
        "west":  { "uv": [ 8, 14.5, 9, 15.5 ], "texture": "#texture" },
        "east":  { "uv": [ 7, 14.5, 8, 15.5 ], "texture": "#texture" }
    }
},
{
    "from": [ 8, 0, 9 ],
    "to": [ 9, 1, 10 ],
    "faces": {
        "down":  { "uv": [ 9, 9, 8, 8 ], "texture": "#texture" },
        "up":    { "uv": [ 7, 8, 8, 9 ], "texture": "#texture" },
        "north": { "uv": [ 8, 14.5, 9, 15.5 ], "texture": "#texture" },
        "south": { "uv": [ 7, 14.5, 8, 15.5 ], "texture": "#texture" },
        "west":  { "uv": [ 8, 14.5, 9, 15.5 ], "texture": "#texture" },
        "east":  { "uv": [ 7, 14.5, 8, 15.5 ], "texture": "#texture" }
    }
},
{
    "from": [ 9, 0, 10 ],
    "to": [ 10, 1, 11 ],
    "faces": {
        "down":  { "uv": [ 9, 9, 8, 8 ], "texture": "#texture" },
        "up":    { "uv": [ 7, 8, 8, 9 ], "texture": "#texture" },
        "north": { "uv": [ 8, 14.5, 9, 15.5 ], "texture": "#texture" },
        "south": { "uv": [ 7, 14.5, 8, 15.5 ], "texture": "#texture" },
        "west":  { "uv": [ 8, 14.5, 9, 15.5 ], "texture": "#texture" },
        "east":  { "uv": [ 7, 14.5, 8, 15.5 ], "texture": "#texture" }
    }
},
{
    "from": [ 10, 0, 11 ],
    "to": [ 11, 1, 12 ],
    "faces": {
        "down":  { "uv": [ 9, 9, 8, 8 ], "texture": "#texture" },
        "up":    { "uv": [ 7, 8, 8, 9 ], "texture": "#texture" },
        "north": { "uv": [ 8, 14.5, 9, 15.5 ], "texture": "#texture" },
        "south": { "uv": [ 7, 14.5, 8, 15.5 ], "texture": "#texture" },
        "west":  { "uv": [ 8, 14.5, 9, 15.5 ], "texture": "#texture" },
        "east":  { "uv": [ 7, 14.5, 8, 15.5 ], "texture": "#texture" }
    }
},
{
    "from": [ 11, 0, 12 ],
    "to": [ 12, 1, 13 ],
    "faces": {
        "down":  { "uv": [ 9, 9, 8, 8 ], "texture": "#texture" },
        "up":    { "uv": [ 7, 8, 8, 9 ], "texture": "#texture" },
        "north": { "uv": [ 8, 14.5, 9, 15.5 ], "texture": "#texture" },
        "south": { "uv": [ 7, 14.5, 8, 15.5 ], "texture": "#texture" },
        "west":  { "uv": [ 8, 14.5, 9, 15.5 ], "texture": "#texture" },
        "east":  { "uv": [ 7, 14.5, 8, 15.5 ], "texture": "#texture" }
    }
},
{
    "from": [ 12, 0, 13 ],
    "to": [ 13, 1, 14 ],
    "faces": {
        "down":  { "uv": [ 9, 9, 8, 8 ], "texture": "#texture" },
        "up":    { "uv": [ 7, 8, 8, 9 ], "texture": "#texture" },
        "north": { "uv": [ 8, 14.5, 9, 15.5 ], "texture": "#texture" },
        "south": { "uv": [ 7, 14.5, 8, 15.5 ], "texture": "#texture" },
        "west":  { "uv": [ 8, 14.5, 9, 15.5 ], "texture": "#texture" },
        "east":  { "uv": [ 7, 14.5, 8, 15.5 ], "texture": "#texture" }
    }
},
{
    "from": [ 8, 0, 5 ],
    "to": [ 9.5, 1.125, 8.375 ],
    "rotation": { "origin": [ 8, 0, 5 ], "axis": "y", "angle": -45 },
    "faces": {
        "down":  { "uv": [ 12, 8, 10, 3.5 ], "texture": "#particle" },
        "up":    { "uv": [ 4, 3.5, 6, 8 ], "texture": "#particle" },
        "north": { "uv": [ 10, 14.5, 12, 15.5 ], "texture": "#particle" },
        "south": { "uv": [ 4, 14.5, 6, 15.5 ], "texture": "#particle" },
        "west":  { "uv": [ 3.5, 14.5, 8, 15.5 ], "texture": "#particle" },
        "east":  { "uv": [ 8, 14.5, 12.5, 15.5 ], "texture": "#particle" }
    }
},
{
    "from": [ 6.875, 0, 2 ],
    "to": [ 8.375, 1.125, 8 ],
    "rotation": { "origin": [ 6.875, 0, 2 ], "axis": "y", "angle": -45 },
    "faces": {
        "down":  { "uv": [ 12, 8, 10, 3.5 ], "texture": "#particle" },
        "up":    { "uv": [ 4, 3.5, 6, 8 ], "texture": "#particle" },
        "north": { "uv": [ 10, 14.5, 12, 15.5 ], "texture": "#particle" },
        "south": { "uv": [ 4, 14.5, 6, 15.5 ], "texture": "#particle" },
        "west":  { "uv": [ 3.5, 14.5, 8, 15.5 ], "texture": "#particle" },
        "east":  { "uv": [ 8, 14.5, 12.5, 15.5 ], "texture": "#particle" }
    }
},
{
    "from": [ 6.82813, -0.046875, 3.5 ],
    "to": [ 7.95313, 1.07813, 6.875 ],
    "rotation": { "origin": [ 6.82813, -0.046875, 3.5 ], "axis": "y", "angle": 22.5 },
    "faces": {
        "down":  { "uv": [ 12, 8, 10, 3.5 ], "texture": "#particle" },
        "up":    { "uv": [ 4, 3.5, 6, 8 ], "texture": "#particle" },
        "north": { "uv": [ 10, 14.5, 12, 15.5 ], "texture": "#particle" },
        "south": { "uv": [ 4, 14.5, 6, 15.5 ], "texture": "#particle" },
        "west":  { "uv": [ 3.5, 14.5, 8, 15.5 ], "texture": "#particle" },
        "east":  { "uv": [ 8, 14.5, 12.5, 15.5 ], "texture": "#particle" }
    }
},
{
    "from": [ 3.875, -0.046875, 6.125 ],
    "to": [ 7.25, 1.07813, 7.25 ],
    "rotation": { "origin": [ 3.875, -0.046875, 6.125 ], "axis": "y", "angle": -22.5 },
    "faces": {
        "down":  { "uv": [ 12, 8, 10, 3.5 ], "texture": "#particle" },
        "up":    { "uv": [ 4, 3.5, 6, 8 ], "texture": "#particle" },
        "north": { "uv": [ 10, 14.5, 12, 15.5 ], "texture": "#particle" },
        "south": { "uv": [ 4, 14.5, 6, 15.5 ], "texture": "#particle" },
        "west":  { "uv": [ 3.5, 14.5, 8, 15.5 ], "texture": "#particle" },
        "east":  { "uv": [ 8, 14.5, 12.5, 15.5 ], "texture": "#particle" }
    }
}
],
"display": {
    "gui": {
        "rotation": [ 122, -45, 166 ],
        "translation": [ -1.8, -1.9, 0 ],
        "scale": [ 2, 2, 2 ]
    }
}
}