{
"__comment": "Designed by samasaurus6",
"textures": {
    "particle": "blocks/log_oak",
    "texture": "blocks/door_iron_lower",
    "door_iron_lower": "blocks/door_iron_lower"
},
"elements": [ 
{
    "from": [ 5, 0, 6 ],
    "to": [ 6, 1, 6.5 ],
    "faces": {
        "down":  { "uv": [ 11, 6.5, 10, 6 ], "texture": "#texture" },
        "up":    { "uv": [ 5, 6, 6, 6.5 ], "texture": "#texture" },
        "north": { "uv": [ 10, 15, 11, 16 ], "texture": "#texture" },
        "south": { "uv": [ 5, 15, 6, 16 ], "texture": "#texture" },
        "west":  { "uv": [ 6, 15, 6.5, 16 ], "texture": "#texture" },
        "east":  { "uv": [ 9.5, 15, 10, 16 ], "texture": "#texture" }
    }
},
{
    "from": [ 5.3125, 0.25, 6.5 ],
    "to": [ 5.8125, 0.75, 8 ],
    "faces": {
        "down":  { "uv": [ 10.6875, 8, 10.1875, 6.5 ], "texture": "#texture" },
        "up":    { "uv": [ 5.3125, 6.5, 5.8125, 8 ], "texture": "#texture" },
        "north": { "uv": [ 10.1875, 15.25, 10.6875, 15.75 ], "texture": "#texture" },
        "south": { "uv": [ 5.3125, 15.25, 5.8125, 15.75 ], "texture": "#texture" },
        "west":  { "uv": [ 6.5, 15.25, 8, 15.75 ], "texture": "#texture" },
        "east":  { "uv": [ 8, 15.25, 9.5, 15.75 ], "texture": "#texture" }
    }
},
{
    "from": [ 11, 0, 11 ],
    "to": [ 11.5, 1, 12 ],
    "faces": {
        "down":  { "uv": [ 5, 12, 4.5, 11 ], "texture": "#texture" },
        "up":    { "uv": [ 11, 11, 11.5, 12 ], "texture": "#texture" },
        "north": { "uv": [ 4.5, 15, 5, 16 ], "texture": "#texture" },
        "south": { "uv": [ 11, 15, 11.5, 16 ], "texture": "#texture" },
        "west":  { "uv": [ 11, 15, 12, 16 ], "texture": "#texture" },
        "east":  { "uv": [ 4, 15, 5, 16 ], "texture": "#texture" }
    }
},
{
    "from": [ 11.3125, 0.25, 11.3125 ],
    "to": [ 13.3125, 0.75, 11.8125 ],
    "faces": {
        "down":  { "uv": [ 4.6875, 11.8125, 2.6875, 11.3125 ], "texture": "#texture" },
        "up":    { "uv": [ 11.3125, 11.3125, 13.3125, 11.8125 ], "texture": "#texture" },
        "north": { "uv": [ 2.6875, 15.25, 4.6875, 15.75 ], "texture": "#texture" },
        "south": { "uv": [ 11.3125, 15.25, 13.3125, 15.75 ], "texture": "#texture" },
        "west":  { "uv": [ 11.3125, 15.25, 11.8125, 15.75 ], "texture": "#texture" },
        "east":  { "uv": [ 4.1875, 15.25, 4.6875, 15.75 ], "texture": "#texture" }
    }
},
{
    "from": [ 4, 0.25, 12 ],
    "to": [ 4.5, 0.75, 13.5 ],
    "rotation": { "origin": [ 4, 0.25, 12 ], "axis": "y", "angle": -22.5 },
    "faces": {
        "down":  { "uv": [ 9.5, 12, 9, 10.5 ], "texture": "#texture" },
        "up":    { "uv": [ 6.5, 10.5, 7, 12 ], "texture": "#texture" },
        "north": { "uv": [ 9, 15.25, 9.5, 15.75 ], "texture": "#texture" },
        "south": { "uv": [ 6.5, 15.25, 7, 15.75 ], "texture": "#texture" },
        "west":  { "uv": [ 10.5, 15.25, 12, 15.75 ], "texture": "#texture" },
        "east":  { "uv": [ 4, 15.25, 5.5, 15.75 ], "texture": "#texture" }
    }
},
{
    "from": [ 4, 0, 11.5 ],
    "to": [ 5, 1, 12 ],
    "rotation": { "origin": [ 4, 0, 11.5 ], "axis": "y", "angle": -22.5 },
    "faces": {
        "down":  { "uv": [ 9.5, 10.5, 8.5, 10 ], "texture": "#texture" },
        "up":    { "uv": [ 6.5, 10, 7.5, 10.5 ], "texture": "#texture" },
        "north": { "uv": [ 8.5, 15, 9.5, 16 ], "texture": "#texture" },
        "south": { "uv": [ 6.5, 15, 7.5, 16 ], "texture": "#texture" },
        "west":  { "uv": [ 10, 15, 10.5, 16 ], "texture": "#texture" },
        "east":  { "uv": [ 5.5, 15, 6, 16 ], "texture": "#texture" }
    }
},
{
    "from": [ 12.125, 0.25, 5.3125 ],
    "to": [ 12.625, 0.75, 6.8125 ],
    "rotation": { "origin": [ 12.125, 0.25, 5.3125 ], "axis": "y", "angle": 45 },
    "faces": {
        "down":  { "uv": [ 9.5, 12, 9, 10.5 ], "texture": "#texture" },
        "up":    { "uv": [ 6.5, 10.5, 7, 12 ], "texture": "#texture" },
        "north": { "uv": [ 9, 15.25, 9.5, 15.75 ], "texture": "#texture" },
        "south": { "uv": [ 6.5, 15.25, 7, 15.75 ], "texture": "#texture" },
        "west":  { "uv": [ 10.5, 15.25, 12, 15.75 ], "texture": "#texture" },
        "east":  { "uv": [ 4, 15.25, 5.5, 15.75 ], "texture": "#texture" }
    }
},
{
    "from": [ 13, 0, 6.5 ],
    "to": [ 14, 1, 7 ],
    "rotation": { "origin": [ 13, 0, 6.5 ], "axis": "y", "angle": 45 },
    "faces": {
        "down":  { "uv": [ 9.5, 10.5, 8.5, 10 ], "texture": "#texture" },
        "up":    { "uv": [ 6.5, 10, 7.5, 10.5 ], "texture": "#texture" },
        "north": { "uv": [ 8.5, 15, 9.5, 16 ], "texture": "#texture" },
        "south": { "uv": [ 6.5, 15, 7.5, 16 ], "texture": "#texture" },
        "west":  { "uv": [ 10, 15, 10.5, 16 ], "texture": "#texture" },
        "east":  { "uv": [ 5.5, 15, 6, 16 ], "texture": "#texture" }
    }
},
{
    "from": [ 5, 0, 2.5 ],
    "to": [ 6, 1, 3 ],
    "rotation": { "origin": [ 5, 0, 2.5 ], "axis": "y", "angle": 45 },
    "faces": {
        "down":  { "uv": [ 9.5, 10.5, 8.5, 10 ], "texture": "#texture" },
        "up":    { "uv": [ 6.5, 10, 7.5, 10.5 ], "texture": "#texture" },
        "north": { "uv": [ 8.5, 15, 9.5, 16 ], "texture": "#texture" },
        "south": { "uv": [ 6.5, 15, 7.5, 16 ], "texture": "#texture" },
        "west":  { "uv": [ 10, 15, 10.5, 16 ], "texture": "#texture" },
        "east":  { "uv": [ 5.5, 15, 6, 16 ], "texture": "#texture" }
    }
},
{
    "from": [ 5.4375, 0.25, 2.5625 ],
    "to": [ 5.9375, 0.75, 4.0625 ],
    "rotation": { "origin": [ 5.4375, 0.25, 2.5625 ], "axis": "y", "angle": 45 },
    "faces": {
        "down":  { "uv": [ 9.5, 12, 9, 10.5 ], "texture": "#texture" },
        "up":    { "uv": [ 6.5, 10.5, 7, 12 ], "texture": "#texture" },
        "north": { "uv": [ 9, 15.25, 9.5, 15.75 ], "texture": "#texture" },
        "south": { "uv": [ 6.5, 15.25, 7, 15.75 ], "texture": "#texture" },
        "west":  { "uv": [ 10.5, 15.25, 12, 15.75 ], "texture": "#texture" },
        "east":  { "uv": [ 4, 15.25, 5.5, 15.75 ], "texture": "#texture" }
    }
}
],
"display": {
    "gui": {
        "rotation": [ 122, -45, 166 ],
        "translation": [ -1.8, -1.9, 0 ],
        "scale": [ 2, 2, 2 ]
    }
}
}