{
"__comment": "Designed by samasaurus6",
"textures": {
    "particle": "blocks/anvil_base",
    "texture": "gameband/conveyor",
    "gamebandbase": "gameband/gamebandbase"
},
"elements": [ 
{
    "from": [ 0, 0, 0 ],
    "to": [ 16, 4, 16 ],
    "faces": {
        "down":  { "uv": [ 16, 16, 0, 0 ], "texture": "#texture" },
        "up":    { "uv": [ 0, 0, 16, 16 ], "texture": "#texture" },
        "north": { "uv": [ 0, 16, 16, 12 ], "texture": "#texture" },
        "south": { "uv": [ 0, 12, 16, 16 ], "texture": "#texture" },
        "west":  { "uv": [ 0, 12, 16, 16 ], "texture": "#gamebandbase" },
        "east":  { "uv": [ 0, 12, 16, 16 ], "texture": "#gamebandbase" }
    }
}
]
}