{
"__comment": "Designed by samasaurus6",
"textures": {
    "particle": "blocks/log_oak",
    "texture": "blocks/log_oak",
    "door_iron_lower": "blocks/door_iron_lower"
},
"elements": [ 
{
    "from": [ 10, 0.25, 4 ],
    "to": [ 11.5, 1.75, 14 ],
    "rotation": { "origin": [ 10, 0.25, 4 ], "axis": "y", "angle": -45 },
    "faces": {
        "down":  { "uv": [ 6, 14.5, 4, 4 ], "texture": "#texture" },
        "up":    { "uv": [ 10, 4, 12, 14.5 ], "texture": "#texture" },
        "north": { "uv": [ 4, 14, 6, 16 ], "texture": "#texture" },
        "south": { "uv": [ 10, 14, 12, 16 ], "texture": "#texture" },
        "west":  { "uv": [ 4, 5, 6, 15 ], "rotation": 90, "texture": "#texture" },
        "east":  { "uv": [ 2, 4, 4, 14 ], "rotation": 90, "texture": "#texture" }
    }
},
{
    "from": [ 10.625, 0, 1.875 ],
    "to": [ 14.625, 2, 3.875 ],
    "rotation": { "origin": [ 10.625, 0, 1.875 ], "axis": "y", "angle": -45 },
    "faces": {
        "down":  { "uv": [ 16, 4, 12, 2 ], "texture": "#door_iron_lower" },
        "up":    { "uv": [ 0, 2, 4, 4 ], "texture": "#door_iron_lower" },
        "north": { "uv": [ 12, 14, 16, 16 ], "texture": "#door_iron_lower" },
        "south": { "uv": [ 0, 14, 4, 16 ], "texture": "#door_iron_lower" },
        "west":  { "uv": [ 2, 14, 4, 16 ], "texture": "#door_iron_lower" },
        "east":  { "uv": [ 12, 14, 14, 16 ], "texture": "#door_iron_lower" }
    }
},
{
    "from": [ 12.5, 0.5, 4.5 ],
    "to": [ 14, 1.5, 5.5 ],
    "rotation": { "origin": [ 12.5, 0.5, 4.5 ], "axis": "y", "angle": -45 },
    "faces": {
        "down":  { "uv": [ 3.5, 5.5, 2, 4.5 ], "texture": "#door_iron_lower" },
        "up":    { "uv": [ 12.5, 4.5, 14, 5.5 ], "texture": "#door_iron_lower" },
        "north": { "uv": [ 2, 14.5, 3.5, 15.5 ], "texture": "#door_iron_lower" },
        "south": { "uv": [ 12.5, 14.5, 14, 15.5 ], "texture": "#door_iron_lower" },
        "west":  { "uv": [ 4.5, 14.5, 5.5, 15.5 ], "texture": "#door_iron_lower" },
        "east":  { "uv": [ 10.5, 14.5, 11.5, 15.5 ], "texture": "#door_iron_lower" }
    }
},
{
    "from": [ 13.5625, 0.25, 5.1875 ],
    "to": [ 14.5625, 1.75, 6.6875 ],
    "rotation": { "origin": [ 13.5625, 0.25, 5.1875 ], "axis": "y", "angle": -45 },
    "faces": {
        "down":  { "uv": [ 2.4375, 6.6875, 1.4375, 5.1875 ], "texture": "#door_iron_lower" },
        "up":    { "uv": [ 13.5625, 5.1875, 14.5625, 6.6875 ], "texture": "#door_iron_lower" },
        "north": { "uv": [ 1.4375, 14.25, 2.4375, 15.75 ], "texture": "#door_iron_lower" },
        "south": { "uv": [ 13.5625, 14.25, 14.5625, 15.75 ], "texture": "#door_iron_lower" },
        "west":  { "uv": [ 5.1875, 14.25, 6.6875, 15.75 ], "texture": "#door_iron_lower" },
        "east":  { "uv": [ 9.3125, 14.25, 10.8125, 15.75 ], "texture": "#door_iron_lower" }
    }
},
{
    "from": [ 7.625, 0, 1.875 ],
    "to": [ 10.5625, 0.8125, 2.875 ],
    "faces": {
        "down":  { "uv": [ 8.375, 2.875, 5.4375, 1.875 ], "texture": "#door_iron_lower" },
        "up":    { "uv": [ 7.625, 1.875, 10.5625, 2.875 ], "texture": "#door_iron_lower" },
        "north": { "uv": [ 5.4375, 15.1875, 8.375, 16 ], "texture": "#door_iron_lower" },
        "south": { "uv": [ 7.625, 15.1875, 10.5625, 16 ], "texture": "#door_iron_lower" },
        "west":  { "uv": [ 1.875, 15.1875, 2.875, 16 ], "texture": "#door_iron_lower" },
        "east":  { "uv": [ 13.125, 15.1875, 14.125, 16 ], "texture": "#door_iron_lower" }
    }
},
{
    "from": [ 7.5625, 1.125, 1.875 ],
    "to": [ 10.5, 1.9375, 2.875 ],
    "faces": {
        "down":  { "uv": [ 8.4375, 2.875, 5.5, 1.875 ], "texture": "#door_iron_lower" },
        "up":    { "uv": [ 7.5625, 1.875, 10.5, 2.875 ], "texture": "#door_iron_lower" },
        "north": { "uv": [ 5.5, 14.0625, 8.4375, 14.875 ], "texture": "#door_iron_lower" },
        "south": { "uv": [ 7.5625, 14.0625, 10.5, 14.875 ], "texture": "#door_iron_lower" },
        "west":  { "uv": [ 1.875, 14.0625, 2.875, 14.875 ], "texture": "#door_iron_lower" },
        "east":  { "uv": [ 13.125, 14.0625, 14.125, 14.875 ], "texture": "#door_iron_lower" }
    }
}
],
"display": {
    "gui": {
        "rotation": [ 122, -45, 166 ],
        "translation": [ -1.8, -1.9, 0 ],
        "scale": [ 2, 2, 2 ]
    }
}
}