{
"__comment": "Designed by samasaurus6",
"textures": {
    "texture": "blocks/iron_block",
    "fire_layer_1": "gameband/bluefire",
    "anvil_base": "blocks/anvil_base",
    "redstone_block": "gameband/robotscannerblue",
    "command_block": "blocks/command_block",
    "hardened_clay_stained_red": "blocks/hardened_clay_stained_blue"
},
"elements": [ 
{
    "from": [ 4, 4, 4 ],
    "to": [ 12, 12, 12 ],
    "faces": {
        "down":  { "uv": [ 16, 16, 0, 0 ], "texture": "#texture" },
        "up":    { "uv": [ 0, 0, 16, 16 ], "texture": "#texture" },
        "north": { "uv": [ 0, 0, 16, 16 ], "texture": "#texture" },
        "south": { "uv": [ 0, 0, 16, 16 ], "texture": "#texture" },
        "west":  { "uv": [ 0, 0, 16, 16 ], "texture": "#texture" },
        "east":  { "uv": [ 0, 0, 16, 16 ], "texture": "#texture" }
    }
},
{
    "from": [ 5, 3, 5 ],
    "to": [ 11, 4, 11 ],
    "faces": {
        "down":  { "uv": [ 16, 16, 15, 15 ], "texture": "#texture" },
        "up":    { "uv": [ 15, 15, 16, 16 ], "texture": "#texture" },
        "north": { "uv": [ 10, 15, 16, 16 ], "texture": "#texture" },
        "south": { "uv": [ 1.5, 15, 7.5, 16 ], "texture": "#texture" },
        "west":  { "uv": [ 0, 15, 6, 16 ], "texture": "#texture" },
        "east":  { "uv": [ 10, 15, 16, 16 ], "texture": "#texture" }
    }
},
{
    "from": [ 5.5, -9, 5.5 ],
    "to": [ 10.5, 5, 10.5 ],
    "faces": {
        "down":  { "uv": [ 0.5, 0.5, 0, 0 ], "texture": "#fire_layer_1" },
        "up":    { "uv": [ 0, 0, 0.5, 0.5 ], "rotation": 180, "texture": "#fire_layer_1" },
        "north": { "uv": [ 0, 2, 4, 16 ], "rotation": 180, "texture": "#fire_layer_1" },
        "south": { "uv": [ 4, 2, 8, 16 ], "rotation": 180, "texture": "#fire_layer_1" },
        "west":  { "uv": [ 12, 2, 16, 16 ], "rotation": 180, "texture": "#fire_layer_1" },
        "east":  { "uv": [ 8, 2, 12, 16 ], "rotation": 180, "texture": "#fire_layer_1" }
    }
},
{
    "from": [ 5.5, 12, 4 ],
    "to": [ 10.5, 14.5, 8.5 ],
    "faces": {
        "down":  { "uv": [ 16, 16, 15.5, 15.5 ], "texture": "#texture" },
        "up":    { "uv": [ 0, 0, 16, 16 ], "texture": "#texture" },
        "north": { "uv": [ 0, 0, 16, 7 ], "texture": "#texture" },
        "south": { "uv": [ 0, 0, 16, 7 ], "texture": "#texture" },
        "west":  { "uv": [ 0, 0, 16, 7 ], "texture": "#texture" },
        "east":  { "uv": [ 0, 0, 16, 7 ], "texture": "#texture" }
    }
},
{
    "from": [ 6, 12.5, 3.9375 ],
    "to": [ 10, 14, 4 ],
    "faces": {
        "north": { "uv": [ 0, 0, 9, 3 ], "texture": "#anvil_base" },
        "south": { "uv": [ 0, 0, 9, 3 ], "texture": "#anvil_base" }
    }
},
{
    "from": [ 6.5, 13, 3.875 ],
    "to": [ 9.5, 13.5, 3.9375 ],
    "faces": {
        "north": { "uv": [ 0, 0, 3, 1 ], "texture": "#redstone_block" },
        "south": { "uv": [ 0, 1.5, 3, 2.5 ], "texture": "#redstone_block" }
    }
},
{
    "from": [ -2, 7.5, 8 ],
    "to": [ 4.5, 10, 11 ],
    "rotation": { "origin": [ -2, 7.5, 8 ], "axis": "y", "angle": 22.5 },
    "faces": {
        "down":  { "uv": [ 16, 11, 11.5, 8 ], "texture": "#texture" },
        "up":    { "uv": [ 0, 8, 4.5, 11 ], "texture": "#texture" },
        "north": { "uv": [ 11.5, 6, 16, 8.5 ], "texture": "#texture" },
        "south": { "uv": [ 0, 6, 4.5, 8.5 ], "texture": "#texture" },
        "west":  { "uv": [ 10, 5, 12, 7 ], "texture": "#texture" },
        "east":  { "uv": [ 5, 6, 8, 8.5 ], "texture": "#texture" }
    }
},
{
    "from": [ 5.5, 5.5, 11.1875 ],
    "to": [ 10.5, 10.5, 12.1875 ],
    "faces": {
        "down":  { "uv": [ 4, 12, 12, 11 ], "texture": "#command_block" },
        "up":    { "uv": [ 4, 4, 12, 5 ], "texture": "#command_block" },
        "north": { "uv": [ 5, 5, 12, 12 ], "texture": "#command_block" },
        "south": { "uv": [ 5, 5, 12, 12 ], "texture": "#command_block" },
        "west":  { "uv": [ 4, 4, 5, 12 ], "texture": "#command_block" },
        "east":  { "uv": [ 11, 4, 12, 12 ], "texture": "#command_block" }
    }
},
{
    "from": [ 12, 7.5, 5.5 ],
    "to": [ 18.5, 10, 8.5 ],
    "rotation": { "origin": [ 12, 7.5, 5.5 ], "axis": "y", "angle": -22.5 },
    "faces": {
        "down":  { "uv": [ 3, 13, 0, 10 ], "texture": "#texture" },
        "up":    { "uv": [ 13, 10, 16, 13 ], "texture": "#texture" },
        "north": { "uv": [ 0, 6, 3, 8.5 ], "texture": "#texture" },
        "south": { "uv": [ 13, 6, 16, 8.5 ], "texture": "#texture" },
        "west":  { "uv": [ 10, 6, 13, 8.5 ], "texture": "#texture" },
        "east":  { "uv": [ 3, 8, 5, 10 ], "texture": "#texture" }
    }
}
],
"display": {
    "head": {
        "rotation": [ 0, 0, 0 ],
        "translation": [ 0, -6, 0 ],
        "scale": [ 1.5, 1.5, 1.5 ]
    },
    "gui": {
        "rotation": [ 0, 0, 0 ],
        "translation": [ 0, 2.4, 0 ],
        "scale": [ 1, 1, 1 ]
    }
}
}