{
"__comment": "Designed by samasaurus6",
"textures": {
    "texture": "blocks/iron_block",
    "brick": "blocks/anvil_base",
    "command_block": "blocks/command_block"
},
"elements": [ 
{
    "from": [ 4, 15, 4 ],
    "to": [ 12, 16, 12 ],
    "faces": {
        "down":  { "uv": [ 16, 16, 0, 0 ], "rotation": 180, "texture": "#texture" },
        "up":    { "uv": [ 0, 0, 16, 16 ], "rotation": 180, "texture": "#texture" },
        "north": { "uv": [ 0, 0, 16, 1 ], "texture": "#texture" },
        "south": { "uv": [ 0, 0, 16, 1 ], "texture": "#texture" },
        "west":  { "uv": [ 0, 0, 16, 1 ], "texture": "#texture" },
        "east":  { "uv": [ 0, 0, 16, 1 ], "texture": "#texture" }
    }
},
{
    "from": [ 7, 9.5, 7 ],
    "to": [ 9, 15, 9 ],
    "faces": {
        "down":  { "uv": [ 9, 9, 7, 7 ], "rotation": 180, "texture": "#texture" },
        "up":    { "uv": [ 7, 7, 9, 9 ], "rotation": 180, "texture": "#texture" },
        "north": { "uv": [ 0, 0, 1, 16 ], "texture": "#texture" },
        "south": { "uv": [ 0, 0, 1, 16 ], "texture": "#texture" },
        "west":  { "uv": [ 0, 0, 1, 16 ], "texture": "#texture" },
        "east":  { "uv": [ 0, 0, 1, 16 ], "texture": "#texture" }
    }
},
{
    "from": [ 6.6875, 8, 8 ],
    "to": [ 7.0625, 15, 8.3125 ],
    "faces": {
        "down":  { "uv": [ 7, 8, 6.5, 7.5 ], "rotation": 180, "texture": "#brick" },
        "up":    { "uv": [ 9, 7.5, 9.5, 8 ], "rotation": 180, "texture": "#brick" },
        "north": { "uv": [ 9, 1, 9.5, 10.5 ], "texture": "#brick" },
        "south": { "uv": [ 6.5, 1, 7, 10.5 ], "texture": "#brick" },
        "west":  { "uv": [ 8, 1, 8.5, 10.5 ], "texture": "#brick" },
        "east":  { "uv": [ 7.5, 1, 8, 10.5 ], "texture": "#brick" }
    }
},
{
    "from": [ 6, 7.5, 2 ],
    "to": [ 10, 11.5, 11 ],
    "faces": {
        "down":  { "uv": [ 8.5, 13, 4.5, 3.5 ], "rotation": 180, "texture": "#texture" },
        "up":    { "uv": [ 4, 3.5, 8, 13 ], "rotation": 180, "texture": "#texture" },
        "north": { "uv": [ 8, 11, 10, 12 ], "texture": "#brick" },
        "south": { "uv": [ 1, 1, 3, 3 ], "texture": "#texture" },
        "west":  { "uv": [ 1, 11, 10.5, 15 ], "texture": "#texture" },
        "east":  { "uv": [ 1, 11, 10.5, 15 ], "texture": "#texture" }
    }
},
{
    "from": [ 5.5, 8, 1.5 ],
    "to": [ 6, 11, 10.5 ],
    "faces": {
        "down":  { "uv": [ 10.5, 10.5, 10, 1.5 ], "texture": "#texture" },
        "up":    { "uv": [ 5.5, 1.5, 6, 10.5 ], "texture": "#texture" },
        "north": { "uv": [ 10, 5, 10.5, 8 ], "texture": "#texture" },
        "south": { "uv": [ 5.5, 5, 6, 8 ], "texture": "#texture" },
        "west":  { "uv": [ 1.5, 5, 10.5, 8 ], "texture": "#texture" },
        "east":  { "uv": [ 5.5, 5, 14.5, 8 ], "texture": "#texture" }
    }
},
{
    "from": [ 10, 8, 1.5 ],
    "to": [ 10.5, 11, 10.5 ],
    "faces": {
        "down":  { "uv": [ 6, 10.5, 5.5, 1.5 ], "texture": "#texture" },
        "up":    { "uv": [ 10, 1.5, 10.5, 10.5 ], "texture": "#texture" },
        "north": { "uv": [ 5.5, 5, 6, 8 ], "texture": "#texture" },
        "south": { "uv": [ 10, 5, 10.5, 8 ], "texture": "#texture" },
        "west":  { "uv": [ 1.5, 5, 10.5, 8 ], "texture": "#texture" },
        "east":  { "uv": [ 5.5, 5, 14.5, 8 ], "texture": "#texture" }
    }
},
{
    "from": [ 6.5, 11.5, 1.5 ],
    "to": [ 9.5, 12, 10.5 ],
    "faces": {
        "down":  { "uv": [ 9.5, 10.5, 6.5, 1.5 ], "texture": "#texture" },
        "up":    { "uv": [ 6.5, 1.5, 9.5, 10.5 ], "texture": "#texture" },
        "north": { "uv": [ 6.5, 4, 9.5, 4.5 ], "texture": "#texture" },
        "south": { "uv": [ 6.5, 4, 9.5, 4.5 ], "texture": "#texture" },
        "west":  { "uv": [ 1.5, 4, 10.5, 4.5 ], "texture": "#texture" },
        "east":  { "uv": [ 5.5, 4, 14.5, 4.5 ], "texture": "#texture" }
    }
},
{
    "from": [ 6.5, 7, 1.5 ],
    "to": [ 9.5, 7.5, 10.5 ],
    "faces": {
        "down":  { "uv": [ 9.5, 10.5, 6.5, 1.5 ], "texture": "#texture" },
        "up":    { "uv": [ 6.5, 1.5, 9.5, 10.5 ], "texture": "#texture" },
        "north": { "uv": [ 6.5, 8.5, 9.5, 9 ], "texture": "#texture" },
        "south": { "uv": [ 6.5, 8.5, 9.5, 9 ], "texture": "#texture" },
        "west":  { "uv": [ 1.5, 8.5, 10.5, 9 ], "texture": "#texture" },
        "east":  { "uv": [ 5.5, 8.5, 14.5, 9 ], "texture": "#texture" }
    }
},
{
    "from": [ 6.5, 8, 11 ],
    "to": [ 9.5, 11, 11.5 ],
    "faces": {
        "down":  { "uv": [ 9.5, 11.5, 6.5, 11 ], "texture": "#texture" },
        "up":    { "uv": [ 6.5, 11, 9.5, 11.5 ], "texture": "#texture" },
        "north": { "uv": [ 6.5, 5, 9.5, 8 ], "texture": "#texture" },
        "south": { "uv": [ 6.5, 5, 9.5, 8 ], "texture": "#texture" },
        "west":  { "uv": [ 11, 5, 11.5, 8 ], "texture": "#texture" },
        "east":  { "uv": [ 4.5, 5, 5, 8 ], "texture": "#texture" }
    }
},
{
    "from": [ 6, 11, 1.5 ],
    "to": [ 6.5, 11.5, 2 ],
    "faces": {
        "down":  { "uv": [ 10, 2, 9.5, 1.5 ], "texture": "#texture" },
        "up":    { "uv": [ 6, 1.5, 6.5, 2 ], "texture": "#texture" },
        "north": { "uv": [ 9.5, 4.5, 10, 5 ], "texture": "#texture" },
        "south": { "uv": [ 6, 4.5, 6.5, 5 ], "texture": "#texture" },
        "west":  { "uv": [ 1.5, 4.5, 2, 5 ], "texture": "#texture" },
        "east":  { "uv": [ 14, 4.5, 14.5, 5 ], "texture": "#texture" }
    }
},
{
    "from": [ 9.5, 11, 1.5 ],
    "to": [ 10, 11.5, 2 ],
    "faces": {
        "down":  { "uv": [ 6.5, 2, 6, 1.5 ], "texture": "#texture" },
        "up":    { "uv": [ 9.5, 1.5, 10, 2 ], "texture": "#texture" },
        "north": { "uv": [ 6, 4.5, 6.5, 5 ], "texture": "#texture" },
        "south": { "uv": [ 9.5, 4.5, 10, 5 ], "texture": "#texture" },
        "west":  { "uv": [ 1.5, 4.5, 2, 5 ], "texture": "#texture" },
        "east":  { "uv": [ 14, 4.5, 14.5, 5 ], "texture": "#texture" }
    }
},
{
    "from": [ 9.5, 7.5, 1.5 ],
    "to": [ 10, 8, 2 ],
    "faces": {
        "down":  { "uv": [ 6.5, 2, 6, 1.5 ], "texture": "#texture" },
        "up":    { "uv": [ 9.5, 1.5, 10, 2 ], "texture": "#texture" },
        "north": { "uv": [ 6, 8, 6.5, 8.5 ], "texture": "#texture" },
        "south": { "uv": [ 9.5, 8, 10, 8.5 ], "texture": "#texture" },
        "west":  { "uv": [ 1.5, 8, 2, 8.5 ], "texture": "#texture" },
        "east":  { "uv": [ 14, 8, 14.5, 8.5 ], "texture": "#texture" }
    }
},
{
    "from": [ 6, 7.5, 1.5 ],
    "to": [ 6.5, 8, 2 ],
    "faces": {
        "down":  { "uv": [ 10, 2, 9.5, 1.5 ], "texture": "#texture" },
        "up":    { "uv": [ 6, 1.5, 6.5, 2 ], "texture": "#texture" },
        "north": { "uv": [ 9.5, 8, 10, 8.5 ], "texture": "#texture" },
        "south": { "uv": [ 6, 8, 6.5, 8.5 ], "texture": "#texture" },
        "west":  { "uv": [ 1.5, 8, 2, 8.5 ], "texture": "#texture" },
        "east":  { "uv": [ 14, 8, 14.5, 8.5 ], "texture": "#texture" }
    }
},
{
    "from": [ 5.4375, 8.5, 7 ],
    "to": [ 6.4375, 10.5, 9 ],
    "faces": {
        "down":  { "uv": [ 12, 9, 11, 7 ], "texture": "#command_block" },
        "up":    { "uv": [ 5, 7, 6, 9 ], "texture": "#command_block" },
        "north": { "uv": [ 9, 5.5, 10, 7.5 ], "texture": "#command_block" },
        "south": { "uv": [ 5, 5.5, 6, 7.5 ], "texture": "#command_block" },
        "west":  { "uv": [ 4, 4, 13, 13 ], "texture": "#command_block" },
        "east":  { "uv": [ 4, 4, 13, 13 ], "texture": "#command_block" }
    }
},
{
    "from": [ 5.4375, 9.25, 3.5 ],
    "to": [ 6.4375, 9.75, 6 ],
    "faces": {
        "down":  { "uv": [ 12, 9, 11, 7 ], "texture": "#brick" },
        "up":    { "uv": [ 5, 7, 6, 9 ], "texture": "#brick" },
        "north": { "uv": [ 9, 5.5, 10, 7.5 ], "texture": "#brick" },
        "south": { "uv": [ 5, 5.5, 6, 7.5 ], "texture": "#brick" },
        "west":  { "uv": [ 0, 0, 2, 1 ], "texture": "#brick" },
        "east":  { "uv": [ 0, 0, 2, 1 ], "texture": "#brick" }
    }
}
],
"display": {
    "head": {
        "rotation": [ 0, 0, 0 ],
        "translation": [ 0, -17, 0 ],
        "scale": [ 2, 2, 2 ]
    },
    "gui": {
        "rotation": [ 0, 90, 0 ],
        "translation": [ 0, 0, 0 ],
        "scale": [ 1, 1, 1 ]
    }
}
}