{
"__comment": "Designed by samasaurus6",
"textures": {
    "particle": "blocks/door_dark_oak_lower",
    "texture": "blocks/door_dark_oak_lower",
    "iron_block": "blocks/iron_block",
    "door_dark_oak_upper": "blocks/door_dark_oak_upper",
    "anvil_base": "blocks/anvil_base"
},
"elements": [ 
{
    "from": [ 0, 0, 0 ],
    "to": [ 3, 16, 16 ],
    "faces": {
        "down":  { "uv": [ 6, 16, 3, 0 ], "texture": "#door_dark_oak_upper" },
        "up":    { "uv": [ 3, 0, 6, 16 ], "texture": "#door_dark_oak_upper" },
        "north": { "uv": [ 13, 0, 16, 16 ], "texture": "#door_dark_oak_upper" },
        "south": { "uv": [ 13, 0, 16, 16 ], "texture": "#door_dark_oak_upper" },
        "west":  { "uv": [ 0, 0, 16, 16 ], "texture": "#door_dark_oak_upper" },
        "east":  { "uv": [ 0, 0, 16, 16 ], "texture": "#door_dark_oak_upper" }
    }
},
{
    "from": [ 2.5, 1, 9 ],
    "to": [ 3.5, 14, 14 ],
    "faces": {
        "down":  { "uv": [ 14, 14, 13, 9 ], "texture": "#door_dark_oak_upper" },
        "up":    { "uv": [ 6, 9, 7, 14 ], "texture": "#door_dark_oak_upper" },
        "north": { "uv": [ 13, 1, 14, 14 ], "texture": "#door_dark_oak_upper" },
        "south": { "uv": [ 6, 1, 7, 14 ], "texture": "#door_dark_oak_upper" },
        "west":  { "uv": [ 9, 2, 14, 15 ], "texture": "#door_dark_oak_upper" },
        "east":  { "uv": [ 2, 2, 7, 15 ], "texture": "#door_dark_oak_upper" }
    }
},
{
    "from": [ 2.5, 1, 2 ],
    "to": [ 3.5, 14, 7 ],
    "faces": {
        "down":  { "uv": [ 14, 7, 13, 2 ], "texture": "#door_dark_oak_upper" },
        "up":    { "uv": [ 6, 2, 7, 7 ], "texture": "#door_dark_oak_upper" },
        "north": { "uv": [ 13, 1, 14, 14 ], "texture": "#door_dark_oak_upper" },
        "south": { "uv": [ 6, 1, 7, 14 ], "texture": "#door_dark_oak_upper" },
        "west":  { "uv": [ 2, 2, 7, 15 ], "texture": "#door_dark_oak_upper" },
        "east":  { "uv": [ 9, 2, 14, 15 ], "texture": "#door_dark_oak_upper" }
    }
},
{
    "from": [ -0.5, 1, 9 ],
    "to": [ 0.5, 14, 14 ],
    "faces": {
        "down":  { "uv": [ 14, 14, 13, 9 ], "texture": "#door_dark_oak_upper" },
        "up":    { "uv": [ 6, 9, 7, 14 ], "texture": "#door_dark_oak_upper" },
        "north": { "uv": [ 13, 1, 14, 14 ], "texture": "#door_dark_oak_upper" },
        "south": { "uv": [ 6, 1, 7, 14 ], "texture": "#door_dark_oak_upper" },
        "west":  { "uv": [ 9, 2, 14, 15 ], "texture": "#door_dark_oak_upper" },
        "east":  { "uv": [ 2, 2, 7, 15 ], "texture": "#door_dark_oak_upper" }
    }
},
{
    "from": [ -0.5, 1, 2 ],
    "to": [ 0.5, 14, 7 ],
    "faces": {
        "down":  { "uv": [ 14, 7, 13, 2 ], "texture": "#door_dark_oak_upper" },
        "up":    { "uv": [ 6, 2, 7, 7 ], "texture": "#door_dark_oak_upper" },
        "north": { "uv": [ 13, 1, 14, 14 ], "texture": "#door_dark_oak_upper" },
        "south": { "uv": [ 6, 1, 7, 14 ], "texture": "#door_dark_oak_upper" },
        "west":  { "uv": [ 2, 2, 7, 15 ], "texture": "#door_dark_oak_upper" },
        "east":  { "uv": [ 9, 2, 14, 15 ], "texture": "#door_dark_oak_upper" }
    }
}
]
}