{
"__comment": "Designed by samasaurus6",
"textures": {
    "particle": "blocks/door_dark_oak_lower",
    "texture": "blocks/door_dark_oak_lower",
    "iron_block": "blocks/iron_block",
    "door_dark_oak_upper": "blocks/door_dark_oak_upper",
    "anvil_base": "blocks/anvil_base"
},
"elements": [ 
{
    "from": [ 0, 0, 0 ],
    "to": [ 3, 16, 16 ],
    "faces": {
        "down":  { "uv": [ 16, 16, 13, 0 ], "texture": "#texture" },
        "up":    { "uv": [ 0, 0, 3, 16 ], "texture": "#texture" },
        "north": { "uv": [ 13, 0, 16, 16 ], "texture": "#texture" },
        "south": { "uv": [ 0, 0, 3, 16 ], "texture": "#texture" },
        "west":  { "uv": [ 0, 0, 16, 16 ], "texture": "#texture" },
        "east":  { "uv": [ 0, 0, 16, 16 ], "texture": "#texture" }
    }
},
{
    "from": [ 1, 15, -0.5 ],
    "to": [ 4, 17, 6 ],
    "faces": {
        "down":  { "uv": [ 15, 6, 12.5, 0 ], "texture": "#iron_block" },
        "up":    { "uv": [ 1, 0, 3.5, 6 ], "texture": "#iron_block" },
        "north": { "uv": [ 0, 0, 2.5, 1 ], "texture": "#iron_block" },
        "south": { "uv": [ 0, 0, 2.5, 1 ], "texture": "#iron_block" },
        "west":  { "uv": [ 0, 0, 6, 1 ], "texture": "#iron_block" },
        "east":  { "uv": [ 0, 0, 6, 1 ], "texture": "#iron_block" }
    }
},
{
    "from": [ 2.5, 2, 9 ],
    "to": [ 3.5, 15, 14 ],
    "faces": {
        "down":  { "uv": [ 14, 14, 13, 9 ], "texture": "#texture" },
        "up":    { "uv": [ 6, 9, 7, 14 ], "texture": "#texture" },
        "north": { "uv": [ 13, 1, 14, 14 ], "texture": "#texture" },
        "south": { "uv": [ 6, 1, 7, 14 ], "texture": "#texture" },
        "west":  { "uv": [ 9, 1, 14, 14 ], "texture": "#texture" },
        "east":  { "uv": [ 2, 1, 7, 14 ], "texture": "#texture" }
    }
},
{
    "from": [ 2.5, 2, 2 ],
    "to": [ 3.5, 15, 7 ],
    "faces": {
        "down":  { "uv": [ 14, 7, 13, 2 ], "texture": "#texture" },
        "up":    { "uv": [ 6, 2, 7, 7 ], "texture": "#texture" },
        "north": { "uv": [ 13, 1, 14, 14 ], "texture": "#texture" },
        "south": { "uv": [ 6, 1, 7, 14 ], "texture": "#texture" },
        "west":  { "uv": [ 2, 1, 7, 14 ], "texture": "#texture" },
        "east":  { "uv": [ 9, 1, 14, 14 ], "texture": "#texture" }
    }
},
{
    "from": [ -0.5, 2, 9 ],
    "to": [ 0.5, 15, 14 ],
    "faces": {
        "down":  { "uv": [ 14, 14, 13, 9 ], "texture": "#texture" },
        "up":    { "uv": [ 6, 9, 7, 14 ], "texture": "#texture" },
        "north": { "uv": [ 13, 1, 14, 14 ], "texture": "#texture" },
        "south": { "uv": [ 6, 1, 7, 14 ], "texture": "#texture" },
        "west":  { "uv": [ 9, 1, 14, 14 ], "texture": "#texture" },
        "east":  { "uv": [ 2, 1, 7, 14 ], "texture": "#texture" }
    }
},
{
    "from": [ -0.5, 2, 2 ],
    "to": [ 0.5, 15, 7 ],
    "faces": {
        "down":  { "uv": [ 14, 7, 13, 2 ], "texture": "#texture" },
        "up":    { "uv": [ 6, 2, 7, 7 ], "texture": "#texture" },
        "north": { "uv": [ 13, 1, 14, 14 ], "texture": "#texture" },
        "south": { "uv": [ 6, 1, 7, 14 ], "texture": "#texture" },
        "west":  { "uv": [ 2, 1, 7, 14 ], "texture": "#texture" },
        "east":  { "uv": [ 9, 1, 14, 14 ], "texture": "#texture" }
    }
},
{
    "from": [ -1, 15, 10 ],
    "to": [ 2, 17, 16.5 ],
    "faces": {
        "down":  { "uv": [ 15, 6, 12.5, 0 ], "texture": "#iron_block" },
        "up":    { "uv": [ 1, 0, 3.5, 6 ], "texture": "#iron_block" },
        "north": { "uv": [ 0, 0, 2.5, 1 ], "texture": "#iron_block" },
        "south": { "uv": [ 0, 0, 2.5, 1 ], "texture": "#iron_block" },
        "west":  { "uv": [ 0, 0, 6, 1 ], "texture": "#iron_block" },
        "east":  { "uv": [ 0, 0, 6, 1 ], "texture": "#iron_block" }
    }
},
{
    "from": [ -0.75, 14.5, 14 ],
    "to": [ 0.25, 17.5, 15 ],
    "faces": {
        "down":  { "uv": [ 16, 8, 16, 7 ], "texture": "#iron_block" },
        "up":    { "uv": [ 0, 7, 0, 8 ], "texture": "#iron_block" },
        "north": { "uv": [ 16, 1, 16, 2 ], "texture": "#iron_block" },
        "south": { "uv": [ 0, 1, 0, 2 ], "texture": "#iron_block" },
        "west":  { "uv": [ 7, 1, 8, 2 ], "texture": "#iron_block" },
        "east":  { "uv": [ 8, 1, 9, 2 ], "texture": "#iron_block" }
    }
},
{
    "from": [ 2.8125, 14.5, 1 ],
    "to": [ 3.8125, 17.5, 2 ],
    "faces": {
        "down":  { "uv": [ 16, 8, 16, 7 ], "texture": "#iron_block" },
        "up":    { "uv": [ 0, 7, 0, 8 ], "texture": "#iron_block" },
        "north": { "uv": [ 16, 1, 16, 2 ], "texture": "#iron_block" },
        "south": { "uv": [ 0, 1, 0, 2 ], "texture": "#iron_block" },
        "west":  { "uv": [ 7, 1, 8, 2 ], "texture": "#iron_block" },
        "east":  { "uv": [ 8, 1, 9, 2 ], "texture": "#iron_block" }
    }
},
{
    "from": [ 4.0625, 15.5, 2.5 ],
    "to": [ 4.125, 16.5, 5 ],
    "faces": {
        "west":  { "uv": [ 2.5, 0, 5, 0.5 ], "texture": "#anvil_base" },
        "east":  { "uv": [ 11, 0, 13.5, 0.5 ], "texture": "#anvil_base" }
    }
},
{
    "from": [ -1.0625, 15.5, 11 ],
    "to": [ -1, 16.5, 13.5 ],
    "faces": {
        "west":  { "uv": [ 11, 0, 13.5, 0.5 ], "texture": "#anvil_base" },
        "east":  { "uv": [ 2.5, 0, 5, 0.5 ], "texture": "#anvil_base" }
    }
}
]
}