{
"__comment": "Designed by samasaurus6",
"textures": {
    "texture": "blocks/anvil_base",
    "wool_colored_gray": "blocks/wool_colored_gray",
    "hack_done": "gameband/hack_done"
},
"elements": [ 
{
    "from": [ 0.5, 3, 3 ],
    "to": [ 9.5, 5, 3.5 ],
    "faces": {
        "down":  { "uv": [ 15.5, 3.5, 6.5, 3 ], "texture": "#wool_colored_gray" },
        "up":    { "uv": [ 0.5, 3, 9.5, 3.5 ], "texture": "#wool_colored_gray" },
        "north": { "uv": [ 6.5, 11, 15.5, 13 ], "texture": "#wool_colored_gray" },
        "south": { "uv": [ 0.5, 11, 9.5, 13 ], "texture": "#wool_colored_gray" },
        "west":  { "uv": [ 3, 11, 3.5, 13 ], "texture": "#wool_colored_gray" },
        "east":  { "uv": [ 12.5, 11, 13, 13 ], "texture": "#wool_colored_gray" }
    }
},
{
    "from": [ 0, 3, 3.5 ],
    "to": [ 0.5, 5, 12.5 ],
    "faces": {
        "down":  { "uv": [ 16, 12.5, 15.5, 3.5 ], "texture": "#wool_colored_gray" },
        "up":    { "uv": [ 0, 3.5, 0.5, 12.5 ], "texture": "#wool_colored_gray" },
        "north": { "uv": [ 15.5, 11, 16, 13 ], "texture": "#wool_colored_gray" },
        "south": { "uv": [ 0, 11, 0.5, 13 ], "texture": "#wool_colored_gray" },
        "west":  { "uv": [ 3.5, 11, 12.5, 13 ], "texture": "#wool_colored_gray" },
        "east":  { "uv": [ 3.5, 11, 12.5, 13 ], "texture": "#wool_colored_gray" }
    }
},
{
    "from": [ 0.5, 3, 12.5 ],
    "to": [ 9.5, 5, 13 ],
    "faces": {
        "down":  { "uv": [ 15.5, 13, 6.5, 12.5 ], "texture": "#wool_colored_gray" },
        "up":    { "uv": [ 0.5, 12.5, 9.5, 13 ], "texture": "#wool_colored_gray" },
        "north": { "uv": [ 6.5, 11, 15.5, 13 ], "texture": "#wool_colored_gray" },
        "south": { "uv": [ 0.5, 11, 9.5, 13 ], "texture": "#wool_colored_gray" },
        "west":  { "uv": [ 12.5, 11, 13, 13 ], "texture": "#wool_colored_gray" },
        "east":  { "uv": [ 3, 11, 3.5, 13 ], "texture": "#wool_colored_gray" }
    }
},
{
    "from": [ 9.5, 3, 3.5 ],
    "to": [ 10, 5, 12.5 ],
    "faces": {
        "down":  { "uv": [ 6.5, 12.5, 6, 3.5 ], "texture": "#wool_colored_gray" },
        "up":    { "uv": [ 9.5, 3.5, 10, 12.5 ], "texture": "#wool_colored_gray" },
        "north": { "uv": [ 6, 11, 6.5, 13 ], "texture": "#wool_colored_gray" },
        "south": { "uv": [ 9.5, 11, 10, 13 ], "texture": "#wool_colored_gray" },
        "west":  { "uv": [ 3.5, 11, 12.5, 13 ], "texture": "#wool_colored_gray" },
        "east":  { "uv": [ 3.5, 11, 12.5, 13 ], "texture": "#wool_colored_gray" }
    }
},
{
    "from": [ 9.5, 5, 7 ],
    "to": [ 10, 7.5, 9 ],
    "faces": {
        "down":  { "uv": [ 6.5, 9, 6, 7 ], "texture": "#wool_colored_gray" },
        "up":    { "uv": [ 9.5, 7, 10, 9 ], "texture": "#wool_colored_gray" },
        "north": { "uv": [ 6, 8.5, 6.5, 11 ], "texture": "#wool_colored_gray" },
        "south": { "uv": [ 9.5, 8.5, 10, 11 ], "texture": "#wool_colored_gray" },
        "west":  { "uv": [ 7, 8.5, 9, 11 ], "texture": "#wool_colored_gray" },
        "east":  { "uv": [ 7, 8.5, 9, 11 ], "texture": "#wool_colored_gray" }
    }
},
{
    "from": [ 0, 5, 7 ],
    "to": [ 0.5, 7.5, 9 ],
    "faces": {
        "down":  { "uv": [ 16, 9, 15.5, 7 ], "texture": "#wool_colored_gray" },
        "up":    { "uv": [ 0, 7, 0.5, 9 ], "texture": "#wool_colored_gray" },
        "north": { "uv": [ 15.5, 8.5, 16, 11 ], "texture": "#wool_colored_gray" },
        "south": { "uv": [ 0, 8.5, 0.5, 11 ], "texture": "#wool_colored_gray" },
        "west":  { "uv": [ 7, 8.5, 9, 11 ], "texture": "#wool_colored_gray" },
        "east":  { "uv": [ 7, 8.5, 9, 11 ], "texture": "#wool_colored_gray" }
    }
},
{
    "from": [ 0.5, 7.5, 7 ],
    "to": [ 9.5, 8, 9 ],
    "faces": {
        "down":  { "uv": [ 15.5, 9, 6.5, 7 ], "texture": "#wool_colored_gray" },
        "up":    { "uv": [ 0.5, 7, 9.5, 9 ], "texture": "#wool_colored_gray" },
        "north": { "uv": [ 6.5, 8, 15.5, 8.5 ], "texture": "#wool_colored_gray" },
        "south": { "uv": [ 0.5, 8, 9.5, 8.5 ], "texture": "#wool_colored_gray" },
        "west":  { "uv": [ 7, 8, 9, 8.5 ], "texture": "#wool_colored_gray" },
        "east":  { "uv": [ 7, 8, 9, 8.5 ], "texture": "#wool_colored_gray" }
    }
},
{
    "from": [ 9.5, 2.5, 4 ],
    "to": [ 11.5, 5.5, 7 ],
    "faces": {
        "down":  { "uv": [ 6.5, 7, 4.5, 4 ], "texture": "#texture" },
        "up":    { "uv": [ 9.5, 4, 11.5, 7 ], "texture": "#texture" },
        "north": { "uv": [ 4.5, 10.5, 6.5, 13.5 ], "texture": "#texture" },
        "south": { "uv": [ 9.5, 10.5, 11.5, 13.5 ], "texture": "#texture" },
        "west":  { "uv": [ 4, 10.5, 7, 13.5 ], "texture": "#texture" },
        "east":  { "uv": [ 9, 10.5, 12, 13.5 ], "texture": "#texture" }
    }
},
{
    "from": [ 9.5, 2.5, 9 ],
    "to": [ 11.5, 5.5, 12 ],
    "faces": {
        "down":  { "uv": [ 6.5, 12, 4.5, 9 ], "texture": "#texture" },
        "up":    { "uv": [ 9.5, 9, 11.5, 12 ], "texture": "#texture" },
        "north": { "uv": [ 4.5, 10.5, 6.5, 13.5 ], "texture": "#texture" },
        "south": { "uv": [ 9.5, 10.5, 11.5, 13.5 ], "texture": "#texture" },
        "west":  { "uv": [ 9, 10.5, 12, 13.5 ], "texture": "#texture" },
        "east":  { "uv": [ 4, 10.5, 7, 13.5 ], "texture": "#texture" }
    }
},
{
    "from": [ 10, 3, 7 ],
    "to": [ 13, 5, 9 ],
    "faces": {
        "down":  { "uv": [ 6, 9, 3, 7 ], "texture": "#texture" },
        "up":    { "uv": [ 10, 7, 13, 9 ], "texture": "#texture" },
        "north": { "uv": [ 3, 11, 6, 13 ], "texture": "#texture" },
        "south": { "uv": [ 10, 11, 13, 13 ], "texture": "#texture" },
        "west":  { "uv": [ 7, 11, 9, 13 ], "texture": "#texture" },
        "east":  { "uv": [ 7, 11, 9, 13 ], "texture": "#texture" }
    }
},
{
    "from": [ 11.5, 3, 4.5 ],
    "to": [ 13, 5, 6.5 ],
    "faces": {
        "down":  { "uv": [ 4.5, 6.5, 3, 4.5 ], "texture": "#texture" },
        "up":    { "uv": [ 11.5, 4.5, 13, 6.5 ], "texture": "#texture" },
        "north": { "uv": [ 3, 11, 4.5, 13 ], "texture": "#texture" },
        "south": { "uv": [ 11.5, 11, 13, 13 ], "texture": "#texture" },
        "west":  { "uv": [ 4.5, 11, 6.5, 13 ], "texture": "#texture" },
        "east":  { "uv": [ 9.5, 11, 11.5, 13 ], "texture": "#texture" }
    }
},
{
    "from": [ 11.5, 3, 9.5 ],
    "to": [ 13, 5, 11.5 ],
    "faces": {
        "down":  { "uv": [ 4.5, 11.5, 3, 9.5 ], "texture": "#texture" },
        "up":    { "uv": [ 11.5, 9.5, 13, 11.5 ], "texture": "#texture" },
        "north": { "uv": [ 3, 11, 4.5, 13 ], "texture": "#texture" },
        "south": { "uv": [ 11.5, 11, 13, 13 ], "texture": "#texture" },
        "west":  { "uv": [ 9.5, 11, 11.5, 13 ], "texture": "#texture" },
        "east":  { "uv": [ 4.5, 11, 6.5, 13 ], "texture": "#texture" }
    }
},
{
    "from": [ 13, 2.5, 4 ],
    "to": [ 14.5, 5.5, 12 ],
    "faces": {
        "down":  { "uv": [ 3, 12, 1.5, 4 ], "texture": "#texture" },
        "up":    { "uv": [ 13, 4, 14.5, 12 ], "texture": "#texture" },
        "north": { "uv": [ 1.5, 10.5, 3, 13.5 ], "texture": "#texture" },
        "south": { "uv": [ 13, 10.5, 14.5, 13.5 ], "texture": "#texture" },
        "west":  { "uv": [ 4, 10.5, 12, 13.5 ], "texture": "#texture" },
        "east":  { "uv": [ 4, 10.5, 12, 13.5 ], "texture": "#texture" }
    }
},
{
    "from": [ 14.5, 3, 9.5 ],
    "to": [ 15.5, 5, 11.5 ],
    "faces": {
        "down":  { "uv": [ 1.5, 11.5, 0.5, 9.5 ], "texture": "#texture" },
        "up":    { "uv": [ 14.5, 9.5, 15.5, 11.5 ], "texture": "#texture" },
        "north": { "uv": [ 0.5, 11, 1.5, 13 ], "texture": "#texture" },
        "south": { "uv": [ 14.5, 11, 15.5, 13 ], "texture": "#texture" },
        "west":  { "uv": [ 9.5, 11, 11.5, 13 ], "texture": "#texture" },
        "east":  { "uv": [ 4.5, 11, 6.5, 13 ], "texture": "#texture" }
    }
},
{
    "from": [ 14.5, 3, 4.5 ],
    "to": [ 15.5, 5, 6.5 ],
    "faces": {
        "down":  { "uv": [ 1.5, 6.5, 0.5, 4.5 ], "texture": "#texture" },
        "up":    { "uv": [ 14.5, 4.5, 15.5, 6.5 ], "texture": "#texture" },
        "north": { "uv": [ 0.5, 11, 1.5, 13 ], "texture": "#texture" },
        "south": { "uv": [ 14.5, 11, 15.5, 13 ], "texture": "#texture" },
        "west":  { "uv": [ 4.5, 11, 6.5, 13 ], "texture": "#texture" },
        "east":  { "uv": [ 9.5, 11, 11.5, 13 ], "texture": "#texture" }
    }
},
{
    "from": [ 10, 5, 7.5 ],
    "to": [ 13, 6, 8.5 ],
    "faces": {
        "down":  { "uv": [ 6, 8.5, 3, 7.5 ], "texture": "#texture" },
        "up":    { "uv": [ 10, 7.5, 13, 8.5 ], "texture": "#texture" },
        "north": { "uv": [ 3, 10, 6, 11 ], "texture": "#texture" },
        "south": { "uv": [ 10, 10, 13, 11 ], "texture": "#texture" },
        "west":  { "uv": [ 7.5, 10, 8.5, 11 ], "texture": "#texture" },
        "east":  { "uv": [ 7.5, 10, 8.5, 11 ], "texture": "#texture" }
    }
},
{
    "from": [ 11.75, 4.5, 8 ],
    "to": [ 12.75, 6, 9.5 ],
    "rotation": { "origin": [ 11.75, 6, 8 ], "axis": "x", "angle": 45 },
    "faces": {
        "down":  { "uv": [ 16, 5, 16, 4 ], "texture": "#texture" },
        "up":    { "uv": [ 0, 4, 0, 5 ], "texture": "#texture" },
        "north": { "uv": [ 16, 0, 16, 1 ], "texture": "#texture" },
        "south": { "uv": [ 0, 0, 0, 1 ], "texture": "#texture" },
        "west":  { "uv": [ 4, 0, 5, 1 ], "texture": "#texture" },
        "east":  { "uv": [ 11, 0, 12, 1 ], "texture": "#texture" }
    }
},
{
    "from": [ 15.5625, 3.5, 5 ],
    "to": [ 15.625, 4.5, 6 ],
    "faces": {
        "west":  { "uv": [ 5, 11.5, 6, 12.5 ], "texture": "#hack_done" },
        "east":  { "uv": [ 10, 11.5, 11, 12.5 ], "texture": "#hack_done" }
    }
},
{
    "from": [ 15.5, 3.5, 10 ],
    "to": [ 15.5625, 4.5, 11 ],
    "faces": {
        "west":  { "uv": [ 10, 11.5, 11, 12.5 ], "texture": "#hack_done" },
        "east":  { "uv": [ 12, 11.5, 13, 12.5 ], "texture": "#hack_done" }
    }
}
],
"display": {
    "thirdperson": {
        "rotation": [ 90, 90, 0 ],
        "translation": [ 0.7, -0.4, -1.3 ],
        "scale": [ 0.5, 0.5, 0.5 ]
    },
    "head": {
        "rotation": [ 0, 90, 0 ],
        "translation": [ 0, 3.8, -2.4 ],
        "scale": [ 1.6, 1.6, 1.6 ]
    },
    "ground": {
        "rotation": [ 0, 0, 0 ],
        "translation": [ 0, -3, 0 ],
        "scale": [ 3, 3, 3 ]
    },
    "fixed": {
        "rotation": [ 0, 90, 0 ],
        "translation": [ 0, 2.6, 0 ],
        "scale": [ 2, 2, 2 ]
    },
    "firstperson": {
        "rotation": [ -10, 57, 26 ],
        "translation": [ -2.8, 2, 1.4 ],
        "scale": [ 2, 2, 2 ]
    },
    "gui": {
        "rotation": [ 0, 0, 0 ],
        "translation": [ 0.6, 1.8, 0 ],
        "scale": [ 1.2, 1.2, 1.3 ]
    }
}
}