{
"__comment": "Designed by samasaurus6",
"ambientocclusion": false,
"textures": {
    "particle": "blocks/iron_block",
    "texture": "blocks/iron_block",
    "mushroom_block_skin_stem": "blocks/mushroom_block_skin_stem"
},
"elements": [ 
{
    "from": [ 0, 0, 0 ],
    "to": [ 1, 16, 16 ],
    "faces": {
        "down":  { "uv": [ 16, 16, 15, 0 ], "texture": "#texture" },
        "up":    { "uv": [ 0, 0, 1, 16 ], "texture": "#texture" },
        "north": { "uv": [ 15, 0, 16, 16 ], "texture": "#texture" },
        "south": { "uv": [ 0, 0, 1, 16 ], "texture": "#texture" },
        "west":  { "uv": [ 0, 0, 16, 16 ], "texture": "#texture" },
        "east":  { "uv": [ 0, 0, 16, 16 ], "texture": "#texture" }
    }
},
{
    "from": [ 15, 0, 0 ],
    "to": [ 16, 16, 16 ],
    "faces": {
        "down":  { "uv": [ 1, 16, 0, 0 ], "texture": "#texture" },
        "up":    { "uv": [ 15, 0, 16, 16 ], "texture": "#texture" },
        "north": { "uv": [ 0, 0, 1, 16 ], "texture": "#texture" },
        "south": { "uv": [ 15, 0, 16, 16 ], "texture": "#texture" },
        "west":  { "uv": [ 0, 0, 16, 16 ], "texture": "#texture" },
        "east":  { "uv": [ 0, 0, 16, 16 ], "texture": "#texture" }
    }
},
{
    "from": [ 0, 15, 0 ],
    "to": [ 16, 16, 16 ],
    "faces": {
        "down":  { "uv": [ 16, 16, 0, 0 ], "texture": "#texture" },
        "up":    { "uv": [ 0, 0, 16, 16 ], "texture": "#texture" },
        "north": { "uv": [ 0, 0, 16, 1 ], "texture": "#texture" },
        "south": { "uv": [ 0, 0, 16, 1 ], "texture": "#texture" },
        "west":  { "uv": [ 0, 0, 16, 1 ], "texture": "#texture" },
        "east":  { "uv": [ 0, 0, 16, 1 ], "texture": "#texture" }
    }
},
{
    "from": [ 0, 0, 15 ],
    "to": [ 16, 16, 16 ],
    "faces": {
        "down":  { "uv": [ 16, 16, 0, 15 ], "texture": "#texture" },
        "up":    { "uv": [ 0, 15, 16, 16 ], "texture": "#texture" },
        "north": { "uv": [ 0, 0, 16, 16 ], "texture": "#texture" },
        "south": { "uv": [ 0, 0, 16, 16 ], "texture": "#texture" },
        "west":  { "uv": [ 15, 0, 16, 16 ], "texture": "#texture" },
        "east":  { "uv": [ 0, 0, 1, 16 ], "texture": "#texture" }
    }
},
{
    "from": [ 0, 0, 0 ],
    "to": [ 16, 1, 16 ],
    "faces": {
        "down":  { "uv": [ 16, 16, 0, 0 ], "texture": "#texture" },
        "up":    { "uv": [ 0, 0, 16, 16 ], "texture": "#texture" },
        "north": { "uv": [ 0, 15, 16, 16 ], "texture": "#texture" },
        "south": { "uv": [ 0, 15, 16, 16 ], "texture": "#texture" },
        "west":  { "uv": [ 0, 15, 16, 16 ], "texture": "#texture" },
        "east":  { "uv": [ 0, 15, 16, 16 ], "texture": "#texture" }
    }
},
{
    "from": [ 1, 1, -6 ],
    "to": [ 15, 8, -5 ],
    "faces": {
        "down":  { "uv": [ 15, 1, 1, 0 ], "texture": "#texture" },
        "up":    { "uv": [ 1, 0, 15, 1 ], "texture": "#texture" },
        "north": { "uv": [ 0, 8, 16, 16 ], "texture": "#texture" },
        "south": { "uv": [ 0, 8, 16, 16 ], "texture": "#texture" },
        "west":  { "uv": [ 0, 8, 1, 15 ], "texture": "#texture" },
        "east":  { "uv": [ 15, 8, 16, 15 ], "texture": "#texture" }
    }
},
{
    "from": [ 1, 8, 0 ],
    "to": [ 15, 15, 1 ],
    "faces": {
        "down":  { "uv": [ 15, 1, 1, 0 ], "texture": "#texture" },
        "up":    { "uv": [ 1, 0, 15, 1 ], "texture": "#texture" },
        "north": { "uv": [ 0, 8, 16, 16 ], "texture": "#texture" },
        "south": { "uv": [ 0, 8, 16, 16 ], "texture": "#texture" },
        "west":  { "uv": [ 0, 8, 1, 15 ], "texture": "#texture" },
        "east":  { "uv": [ 15, 8, 16, 15 ], "texture": "#texture" }
    }
},
{
    "from": [ 5.5, 13, -1 ],
    "to": [ 6.5, 14, 0 ],
    "faces": {
        "down":  { "uv": [ 1, 15, 0, 16 ], "texture": "#texture" },
        "up":    { "uv": [ 0, 15, 1, 16 ], "texture": "#texture" },
        "north": { "uv": [ 0, 15, 1, 16 ], "texture": "#texture" },
        "south": { "uv": [ 0, 15, 1, 16 ], "texture": "#texture" },
        "west":  { "uv": [ 0, 15, 1, 16 ], "texture": "#texture" },
        "east":  { "uv": [ 0, 15, 1, 16 ], "texture": "#texture" }
    }
},
{
    "from": [ 9.5, 13, -1 ],
    "to": [ 10.5, 14, 0 ],
    "faces": {
        "down":  { "uv": [ 1, 15, 0, 16 ], "texture": "#texture" },
        "up":    { "uv": [ 0, 15, 1, 16 ], "texture": "#texture" },
        "north": { "uv": [ 0, 15, 1, 16 ], "texture": "#texture" },
        "south": { "uv": [ 0, 15, 1, 16 ], "texture": "#texture" },
        "west":  { "uv": [ 0, 15, 1, 16 ], "texture": "#texture" },
        "east":  { "uv": [ 0, 15, 1, 16 ], "texture": "#texture" }
    }
},
{
    "from": [ 6.5, 13, -2 ],
    "to": [ 9.5, 14, -1 ],
    "faces": {
        "down":  { "uv": [ 1, 15, 0, 16 ], "texture": "#texture" },
        "up":    { "uv": [ 0, 15, 1, 16 ], "texture": "#texture" },
        "north": { "uv": [ 0, 15, 1, 16 ], "texture": "#texture" },
        "south": { "uv": [ 0, 15, 1, 16 ], "texture": "#texture" },
        "west":  { "uv": [ 0, 15, 1, 16 ], "texture": "#texture" },
        "east":  { "uv": [ 0, 15, 1, 16 ], "texture": "#texture" }
    }
},
{
    "from": [ 9.5, 6, -7 ],
    "to": [ 10.5, 7, -6 ],
    "faces": {
        "down":  { "uv": [ 1, 15, 0, 16 ], "texture": "#texture" },
        "up":    { "uv": [ 0, 15, 1, 16 ], "texture": "#texture" },
        "north": { "uv": [ 0, 15, 1, 16 ], "texture": "#texture" },
        "south": { "uv": [ 0, 15, 1, 16 ], "texture": "#texture" },
        "west":  { "uv": [ 0, 15, 1, 16 ], "texture": "#texture" },
        "east":  { "uv": [ 0, 15, 1, 16 ], "texture": "#texture" }
    }
},
{
    "from": [ 6.5, 6, -8 ],
    "to": [ 9.5, 7, -7 ],
    "faces": {
        "down":  { "uv": [ 1, 15, 0, 16 ], "texture": "#texture" },
        "up":    { "uv": [ 0, 15, 1, 16 ], "texture": "#texture" },
        "north": { "uv": [ 0, 15, 1, 16 ], "texture": "#texture" },
        "south": { "uv": [ 0, 15, 1, 16 ], "texture": "#texture" },
        "west":  { "uv": [ 0, 15, 1, 16 ], "texture": "#texture" },
        "east":  { "uv": [ 0, 15, 1, 16 ], "texture": "#texture" }
    }
},
{
    "from": [ 5.5, 6, -7 ],
    "to": [ 6.5, 7, -6 ],
    "faces": {
        "down":  { "uv": [ 1, 15, 0, 16 ], "texture": "#texture" },
        "up":    { "uv": [ 0, 15, 1, 16 ], "texture": "#texture" },
        "north": { "uv": [ 0, 15, 1, 16 ], "texture": "#texture" },
        "south": { "uv": [ 0, 15, 1, 16 ], "texture": "#texture" },
        "west":  { "uv": [ 0, 15, 1, 16 ], "texture": "#texture" },
        "east":  { "uv": [ 0, 15, 1, 16 ], "texture": "#texture" }
    }
},
{
    "from": [ 1, 1, -5 ],
    "to": [ 15, 2, 9 ],
    "faces": {
        "down":  { "uv": [ 15, 14, 1, 0 ], "texture": "#texture" },
        "up":    { "uv": [ 1, 0, 15, 14 ], "texture": "#texture" },
        "north": { "uv": [ 1, 14, 15, 15 ], "texture": "#texture" },
        "south": { "uv": [ 1, 14, 15, 15 ], "texture": "#texture" },
        "west":  { "uv": [ 0, 14, 14, 15 ], "texture": "#texture" },
        "east":  { "uv": [ 2, 14, 16, 15 ], "texture": "#texture" }
    }
},
{
    "from": [ 1, 2, -5 ],
    "to": [ 2, 8, 10 ],
    "faces": {
        "down":  { "uv": [ 15, 15, 14, 0 ], "texture": "#texture" },
        "up":    { "uv": [ 1, 0, 2, 15 ], "texture": "#texture" },
        "north": { "uv": [ 14, 8, 15, 14 ], "texture": "#texture" },
        "south": { "uv": [ 1, 8, 2, 14 ], "texture": "#texture" },
        "west":  { "uv": [ 0, 8, 15, 14 ], "texture": "#texture" },
        "east":  { "uv": [ 1, 8, 16, 14 ], "texture": "#texture" }
    }
},
{
    "from": [ 14, 2, -5 ],
    "to": [ 15, 8, 10 ],
    "faces": {
        "down":  { "uv": [ 15, 15, 14, 0 ], "texture": "#texture" },
        "up":    { "uv": [ 1, 0, 2, 15 ], "texture": "#texture" },
        "north": { "uv": [ 14, 8, 15, 14 ], "texture": "#texture" },
        "south": { "uv": [ 1, 8, 2, 14 ], "texture": "#texture" },
        "west":  { "uv": [ 0, 8, 15, 14 ], "texture": "#texture" },
        "east":  { "uv": [ 1, 8, 16, 14 ], "texture": "#texture" }
    }
},
{
    "from": [ 2, 2, -3 ],
    "to": [ 14, 7, -2.9375 ],
    "faces": {
        "down":  { "uv": [ 13, 0, 3, 0 ], "texture": "#mushroom_block_skin_stem" },
        "up":    { "uv": [ 3, 0, 13, 0 ], "texture": "#mushroom_block_skin_stem" },
        "north": { "uv": [ 0, 6, 16, 16 ], "rotation": 90, "texture": "#mushroom_block_skin_stem" },
        "south": { "uv": [ 0, 6, 16, 16 ], "rotation": 90, "texture": "#mushroom_block_skin_stem" },
        "west":  { "uv": [ 0, 9, 0, 14 ], "texture": "#mushroom_block_skin_stem" },
        "east":  { "uv": [ 16, 9, 16, 14 ], "texture": "#mushroom_block_skin_stem" }
    }
},
{
    "from": [ 2, 2, -1 ],
    "to": [ 14, 7, -0.9375 ],
    "faces": {
        "down":  { "uv": [ 13, 0, 3, 0 ], "texture": "#mushroom_block_skin_stem" },
        "up":    { "uv": [ 3, 0, 13, 0 ], "texture": "#mushroom_block_skin_stem" },
        "north": { "uv": [ 0, 0, 16, 10 ], "rotation": 90, "texture": "#mushroom_block_skin_stem" },
        "south": { "uv": [ 0, 0, 16, 10 ], "rotation": 90, "texture": "#mushroom_block_skin_stem" },
        "west":  { "uv": [ 0, 9, 0, 14 ], "texture": "#mushroom_block_skin_stem" },
        "east":  { "uv": [ 16, 9, 16, 14 ], "texture": "#mushroom_block_skin_stem" }
    }
},
{
    "from": [ 2, 2, 1 ],
    "to": [ 14, 7, 1.0625 ],
    "faces": {
        "down":  { "uv": [ 13, 0, 3, 0 ], "texture": "#mushroom_block_skin_stem" },
        "up":    { "uv": [ 3, 0, 13, 0 ], "texture": "#mushroom_block_skin_stem" },
        "north": { "uv": [ 0, 3, 16, 13 ], "rotation": 90, "texture": "#mushroom_block_skin_stem" },
        "south": { "uv": [ 0, 3, 16, 13 ], "rotation": 90, "texture": "#mushroom_block_skin_stem" },
        "west":  { "uv": [ 0, 9, 0, 14 ], "texture": "#mushroom_block_skin_stem" },
        "east":  { "uv": [ 16, 9, 16, 14 ], "texture": "#mushroom_block_skin_stem" }
    }
},
{
    "from": [ 2, 2, 3 ],
    "to": [ 14, 7, 3.0625 ],
    "faces": {
        "down":  { "uv": [ 13, 0, 3, 0 ], "texture": "#mushroom_block_skin_stem" },
        "up":    { "uv": [ 3, 0, 13, 0 ], "texture": "#mushroom_block_skin_stem" },
        "north": { "uv": [ 0, 6, 16, 16 ], "rotation": 90, "texture": "#mushroom_block_skin_stem" },
        "south": { "uv": [ 0, 6, 16, 16 ], "rotation": 90, "texture": "#mushroom_block_skin_stem" },
        "west":  { "uv": [ 0, 9, 0, 14 ], "texture": "#mushroom_block_skin_stem" },
        "east":  { "uv": [ 16, 9, 16, 14 ], "texture": "#mushroom_block_skin_stem" }
    }
}
]
}