{
"__comment": "Designed by samasaurus6",
"textures": {
    "particle": "blocks/glass_white",
    "texture": "blocks/glass_white",
    "chem1": "gameband/chem1",
    "chem2": "gameband/chem2",
    "chem3": "gameband/chem3",
    "log_oak": "blocks/log_oak",
    "water_flow": "blocks/water_flow"
},
"elements": [ 
{
    "from": [ 6, 1, 6 ],
    "to": [ 10, 3.5, 10 ],
    "faces": {
        "down":  { "uv": [ 10, 10, 6, 6 ], "texture": "#chem3" },
        "up":    { "uv": [ 6, 6, 10, 10 ], "texture": "#chem3" },
        "north": { "uv": [ 6, 12.5, 10, 15 ], "texture": "#chem3" },
        "south": { "uv": [ 6, 12.5, 10, 15 ], "texture": "#chem3" },
        "west":  { "uv": [ 6, 12.5, 10, 15 ], "texture": "#chem3" },
        "east":  { "uv": [ 6, 12.5, 10, 15 ], "texture": "#chem3" }
    }
},
{
    "from": [ 10, 1, 6 ],
    "to": [ 11, 6, 10 ],
    "faces": {
        "down":  { "uv": [ 6, 10, 5, 6 ], "texture": "#texture" },
        "up":    { "uv": [ 10, 6, 11, 10 ], "texture": "#texture" },
        "north": { "uv": [ 5, 10, 6, 15 ], "texture": "#texture" },
        "south": { "uv": [ 10, 10, 11, 15 ], "texture": "#texture" },
        "west":  { "uv": [ 6, 10, 10, 15 ], "texture": "#texture" },
        "east":  { "uv": [ 6, 10, 10, 15 ], "texture": "#texture" }
    }
},
{
    "from": [ 5, 1, 6 ],
    "to": [ 6, 6, 10 ],
    "faces": {
        "down":  { "uv": [ 11, 10, 10, 6 ], "texture": "#texture" },
        "up":    { "uv": [ 5, 6, 6, 10 ], "texture": "#texture" },
        "north": { "uv": [ 10, 10, 11, 15 ], "texture": "#texture" },
        "south": { "uv": [ 5, 10, 6, 15 ], "texture": "#texture" },
        "west":  { "uv": [ 6, 10, 10, 15 ], "texture": "#texture" },
        "east":  { "uv": [ 6, 10, 10, 15 ], "texture": "#texture" }
    }
},
{
    "from": [ 5, 1, 10 ],
    "to": [ 11, 6, 11 ],
    "faces": {
        "down":  { "uv": [ 11, 11, 5, 10 ], "texture": "#texture" },
        "up":    { "uv": [ 5, 10, 11, 11 ], "texture": "#texture" },
        "north": { "uv": [ 5, 10, 11, 15 ], "texture": "#texture" },
        "south": { "uv": [ 5, 10, 11, 15 ], "texture": "#texture" },
        "west":  { "uv": [ 10, 10, 11, 15 ], "texture": "#texture" },
        "east":  { "uv": [ 5, 10, 6, 15 ], "texture": "#texture" }
    }
},
{
    "from": [ 5, 1, 5 ],
    "to": [ 11, 6, 6 ],
    "faces": {
        "down":  { "uv": [ 11, 6, 5, 5 ], "texture": "#texture" },
        "up":    { "uv": [ 5, 5, 11, 6 ], "texture": "#texture" },
        "north": { "uv": [ 5, 10, 11, 15 ], "texture": "#texture" },
        "south": { "uv": [ 5, 10, 11, 15 ], "texture": "#texture" },
        "west":  { "uv": [ 5, 10, 6, 15 ], "texture": "#texture" },
        "east":  { "uv": [ 10, 10, 11, 15 ], "texture": "#texture" }
    }
},
{
    "from": [ 5, 0, 5 ],
    "to": [ 11, 1, 11 ],
    "faces": {
        "down":  { "uv": [ 11, 11, 5, 5 ], "texture": "#texture" },
        "up":    { "uv": [ 5, 5, 11, 11 ], "texture": "#texture" },
        "north": { "uv": [ 5, 15, 11, 16 ], "texture": "#texture" },
        "south": { "uv": [ 5, 15, 11, 16 ], "texture": "#texture" },
        "west":  { "uv": [ 5, 15, 11, 16 ], "texture": "#texture" },
        "east":  { "uv": [ 5, 15, 11, 16 ], "texture": "#texture" }
    }
},
{
    "from": [ 9, 6, 7 ],
    "to": [ 10, 9, 9 ],
    "faces": {
        "down":  { "uv": [ 7, 9, 6, 7 ], "texture": "#texture" },
        "up":    { "uv": [ 9, 7, 10, 9 ], "texture": "#texture" },
        "north": { "uv": [ 6, 7, 7, 10 ], "texture": "#texture" },
        "south": { "uv": [ 9, 7, 10, 10 ], "texture": "#texture" },
        "west":  { "uv": [ 7, 7, 9, 10 ], "texture": "#texture" },
        "east":  { "uv": [ 7, 7, 9, 10 ], "texture": "#texture" }
    }
},
{
    "from": [ 6, 6, 6 ],
    "to": [ 10, 9, 7 ],
    "faces": {
        "down":  { "uv": [ 10, 7, 6, 6 ], "texture": "#texture" },
        "up":    { "uv": [ 6, 6, 10, 7 ], "texture": "#texture" },
        "north": { "uv": [ 6, 7, 10, 10 ], "texture": "#texture" },
        "south": { "uv": [ 6, 7, 10, 10 ], "texture": "#texture" },
        "west":  { "uv": [ 6, 7, 7, 10 ], "texture": "#texture" },
        "east":  { "uv": [ 9, 7, 10, 10 ], "texture": "#texture" }
    }
},
{
    "from": [ 6, 6, 9 ],
    "to": [ 10, 9, 10 ],
    "faces": {
        "down":  { "uv": [ 10, 10, 6, 9 ], "texture": "#texture" },
        "up":    { "uv": [ 6, 9, 10, 10 ], "texture": "#texture" },
        "north": { "uv": [ 6, 7, 10, 10 ], "texture": "#texture" },
        "south": { "uv": [ 6, 7, 10, 10 ], "texture": "#texture" },
        "west":  { "uv": [ 9, 7, 10, 10 ], "texture": "#texture" },
        "east":  { "uv": [ 6, 7, 7, 10 ], "texture": "#texture" }
    }
},
{
    "from": [ 6, 6, 7 ],
    "to": [ 7, 9, 9 ],
    "faces": {
        "down":  { "uv": [ 10, 9, 9, 7 ], "texture": "#texture" },
        "up":    { "uv": [ 6, 7, 7, 9 ], "texture": "#texture" },
        "north": { "uv": [ 9, 7, 10, 10 ], "texture": "#texture" },
        "south": { "uv": [ 6, 7, 7, 10 ], "texture": "#texture" },
        "west":  { "uv": [ 7, 7, 9, 10 ], "texture": "#texture" },
        "east":  { "uv": [ 7, 7, 9, 10 ], "texture": "#texture" }
    }
},
{
    "from": [ 4, 0, 8 ],
    "to": [ 4.5, 15.5, 8.5 ],
    "rotation": { "origin": [ 4, 15.5, 8 ], "axis": "z", "angle": 22.5 },
    "faces": {
        "down":  { "uv": [ 16, 4.5, 16, 4 ], "texture": "#texture" },
        "up":    { "uv": [ 0, 4, 0, 4.5 ], "texture": "#texture" },
        "north": { "uv": [ 16, 0, 16, 15.5 ], "texture": "#texture" },
        "south": { "uv": [ 0, 0, 0, 15.5 ], "texture": "#texture" },
        "west":  { "uv": [ 4, 0, 4.5, 15.5 ], "texture": "#texture" },
        "east":  { "uv": [ 11.5, 0, 12, 15.5 ], "texture": "#texture" }
    }
}
]
}