{
"__comment": "Designed by samasaurus6",
"textures": {
    "particle": "blocks/glass_white",
    "texture": "blocks/glass_white",
    "chem1": "gameband/chem1",
    "chem2": "gameband/chem2",
    "chem3": "gameband/chem3",
    "log_oak": "blocks/log_oak",
    "water_flow": "blocks/water_flow",
    "fire_layer_1": "blocks/fire_layer_1",
    "anvil_base": "blocks/anvil_base",
    "mob_spawner": "blocks/mob_spawner"
},
"elements": [ 
{
    "from": [ 8, 9.0625, 4 ],
    "to": [ 14, 9.125, 10 ],
    "rotation": { "origin": [ 8, 9.0625, 4 ], "axis": "y", "angle": -45 },
    "faces": {
        "down":  { "uv": [ 0, 0, 16, 16 ], "texture": "#mob_spawner" },
        "up":    { "uv": [ 0, 0, 16, 16 ], "texture": "#mob_spawner" },
        "north": { "uv": [ 5, 6, 11, 7 ], "texture": "#mob_spawner" },
        "south": { "uv": [ 5, 6, 11, 7 ], "texture": "#mob_spawner" },
        "west":  { "uv": [ 5, 6, 11, 7 ], "texture": "#mob_spawner" },
        "east":  { "uv": [ 5, 6, 11, 7 ], "texture": "#mob_spawner" }
    }
},
{
    "from": [ 7.5, 0, 4 ],
    "to": [ 8.5, 9, 5 ],
    "faces": {
        "down":  { "uv": [ 8.5, 5, 7.5, 4 ], "texture": "#anvil_base" },
        "up":    { "uv": [ 7.5, 4, 8.5, 5 ], "texture": "#anvil_base" },
        "north": { "uv": [ 7.5, 7, 8.5, 16 ], "texture": "#anvil_base" },
        "south": { "uv": [ 7.5, 7, 8.5, 16 ], "texture": "#anvil_base" },
        "west":  { "uv": [ 4, 7, 5, 16 ], "texture": "#anvil_base" },
        "east":  { "uv": [ 11, 7, 12, 16 ], "texture": "#anvil_base" }
    }
},
{
    "from": [ 11.5, 0, 7.75 ],
    "to": [ 12.5, 9, 8.75 ],
    "faces": {
        "down":  { "uv": [ 8.5, 5, 7.5, 4 ], "texture": "#anvil_base" },
        "up":    { "uv": [ 7.5, 4, 8.5, 5 ], "texture": "#anvil_base" },
        "north": { "uv": [ 7.5, 7, 8.5, 16 ], "texture": "#anvil_base" },
        "south": { "uv": [ 7.5, 7, 8.5, 16 ], "texture": "#anvil_base" },
        "west":  { "uv": [ 4, 7, 5, 16 ], "texture": "#anvil_base" },
        "east":  { "uv": [ 11, 7, 12, 16 ], "texture": "#anvil_base" }
    }
},
{
    "from": [ 3.5, 0, 7.6875 ],
    "to": [ 4.5, 9, 8.6875 ],
    "faces": {
        "down":  { "uv": [ 8.5, 5, 7.5, 4 ], "texture": "#anvil_base" },
        "up":    { "uv": [ 7.5, 4, 8.5, 5 ], "texture": "#anvil_base" },
        "north": { "uv": [ 7.5, 7, 8.5, 16 ], "texture": "#anvil_base" },
        "south": { "uv": [ 7.5, 7, 8.5, 16 ], "texture": "#anvil_base" },
        "west":  { "uv": [ 4, 7, 5, 16 ], "texture": "#anvil_base" },
        "east":  { "uv": [ 11, 7, 12, 16 ], "texture": "#anvil_base" }
    }
},
{
    "from": [ 7.5, 0, 11.5 ],
    "to": [ 8.5, 9, 12.5 ],
    "faces": {
        "down":  { "uv": [ 8.5, 5, 7.5, 4 ], "texture": "#anvil_base" },
        "up":    { "uv": [ 7.5, 4, 8.5, 5 ], "texture": "#anvil_base" },
        "north": { "uv": [ 7.5, 7, 8.5, 16 ], "texture": "#anvil_base" },
        "south": { "uv": [ 7.5, 7, 8.5, 16 ], "texture": "#anvil_base" },
        "west":  { "uv": [ 4, 7, 5, 16 ], "texture": "#anvil_base" },
        "east":  { "uv": [ 11, 7, 12, 16 ], "texture": "#anvil_base" }
    }
},
{
    "from": [ 6.5, 0, 7 ],
    "to": [ 9.5, 1, 10 ],
    "faces": {
        "down":  { "uv": [ 9.5, 10, 6.5, 7 ], "texture": "#anvil_base" },
        "up":    { "uv": [ 6.5, 7, 9.5, 10 ], "texture": "#anvil_base" },
        "north": { "uv": [ 6.5, 15, 9.5, 16 ], "texture": "#anvil_base" },
        "south": { "uv": [ 6.5, 15, 9.5, 16 ], "texture": "#anvil_base" },
        "west":  { "uv": [ 7, 15, 10, 16 ], "texture": "#anvil_base" },
        "east":  { "uv": [ 6, 15, 9, 16 ], "texture": "#anvil_base" }
    }
},
{
    "from": [ 7.5, 1, 8 ],
    "to": [ 8.5, 6, 9 ],
    "faces": {
        "down":  { "uv": [ 8.5, 9, 7.5, 8 ], "texture": "#anvil_base" },
        "up":    { "uv": [ 7.5, 8, 8.5, 9 ], "texture": "#anvil_base" },
        "north": { "uv": [ 7.5, 10, 8.5, 15 ], "texture": "#anvil_base" },
        "south": { "uv": [ 7.5, 10, 8.5, 15 ], "texture": "#anvil_base" },
        "west":  { "uv": [ 8, 10, 9, 15 ], "texture": "#anvil_base" },
        "east":  { "uv": [ 7, 10, 8, 15 ], "texture": "#anvil_base" }
    }
},
{
    "from": [ 7.1875, 6, 7.75 ],
    "to": [ 8.75, 12, 9.25 ],
    "faces": {
        "down":  { "uv": [ 7, 16, 5, 14 ], "texture": "#fire_layer_1" },
        "up":    { "uv": [ 0, 1.5, 0.5, 2 ], "texture": "#fire_layer_1" },
        "north": { "uv": [ 0, 0, 2, 16 ], "texture": "#fire_layer_1" },
        "south": { "uv": [ 5, 0, 7, 16 ], "texture": "#fire_layer_1" },
        "west":  { "uv": [ 7, 0, 9, 16 ], "texture": "#fire_layer_1" },
        "east":  { "uv": [ 2, 0, 4, 16 ], "texture": "#fire_layer_1" }
    }
}
]
}