{
"__comment": "Designed by samasaurus6",
"textures": {
    "particle": "blocks/glass_white",
    "texture": "blocks/glass_white",
    "chem1": "gameband/chem1",
    "chem2": "gameband/chem2",
    "chem3": "gameband/chem3",
    "log_oak": "blocks/log_oak"
},
"elements": [ 
{
    "from": [ 5, 1, 7 ],
    "to": [ 6, 6, 8 ],
    "faces": {
        "down":  { "uv": [ 11, 8, 10, 7 ], "texture": "#chem1" },
        "up":    { "uv": [ 5, 7, 6, 8 ], "texture": "#chem1" },
        "north": { "uv": [ 10, 10, 11, 15 ], "texture": "#chem1" },
        "south": { "uv": [ 5, 10, 6, 15 ], "texture": "#chem1" },
        "west":  { "uv": [ 7, 10, 8, 15 ], "texture": "#chem1" },
        "east":  { "uv": [ 8, 10, 9, 15 ], "texture": "#chem1" }
    }
},
{
    "from": [ 4, 1, 7 ],
    "to": [ 5, 6, 8 ],
    "faces": {
        "down":  { "uv": [ 12, 8, 11, 7 ], "texture": "#texture" },
        "up":    { "uv": [ 4, 7, 5, 8 ], "texture": "#texture" },
        "north": { "uv": [ 11, 10, 12, 15 ], "texture": "#texture" },
        "south": { "uv": [ 4, 10, 5, 15 ], "texture": "#texture" },
        "west":  { "uv": [ 7, 10, 8, 15 ], "texture": "#texture" },
        "east":  { "uv": [ 8, 10, 9, 15 ], "texture": "#texture" }
    }
},
{
    "from": [ 6, 1, 7 ],
    "to": [ 7, 6, 8 ],
    "faces": {
        "down":  { "uv": [ 10, 8, 9, 7 ], "texture": "#texture" },
        "up":    { "uv": [ 6, 7, 7, 8 ], "texture": "#texture" },
        "north": { "uv": [ 9, 10, 10, 15 ], "texture": "#texture" },
        "south": { "uv": [ 6, 10, 7, 15 ], "texture": "#texture" },
        "west":  { "uv": [ 7, 10, 8, 15 ], "texture": "#texture" },
        "east":  { "uv": [ 8, 10, 9, 15 ], "texture": "#texture" }
    }
},
{
    "from": [ 5, 1, 6 ],
    "to": [ 6, 6, 7 ],
    "faces": {
        "down":  { "uv": [ 11, 7, 10, 6 ], "texture": "#texture" },
        "up":    { "uv": [ 5, 6, 6, 7 ], "texture": "#texture" },
        "north": { "uv": [ 10, 10, 11, 15 ], "texture": "#texture" },
        "south": { "uv": [ 5, 10, 6, 15 ], "texture": "#texture" },
        "west":  { "uv": [ 6, 10, 7, 15 ], "texture": "#texture" },
        "east":  { "uv": [ 9, 10, 10, 15 ], "texture": "#texture" }
    }
},
{
    "from": [ 5, 1, 8 ],
    "to": [ 6, 6, 9 ],
    "faces": {
        "down":  { "uv": [ 11, 9, 10, 8 ], "texture": "#texture" },
        "up":    { "uv": [ 5, 8, 6, 9 ], "texture": "#texture" },
        "north": { "uv": [ 10, 10, 11, 15 ], "texture": "#texture" },
        "south": { "uv": [ 5, 10, 6, 15 ], "texture": "#texture" },
        "west":  { "uv": [ 8, 10, 9, 15 ], "texture": "#texture" },
        "east":  { "uv": [ 7, 10, 8, 15 ], "texture": "#texture" }
    }
},
{
    "from": [ 10, 0, 7 ],
    "to": [ 11, 1, 8 ],
    "faces": {
        "down":  { "uv": [ 6, 8, 5, 7 ], "texture": "#texture" },
        "up":    { "uv": [ 10, 7, 11, 8 ], "texture": "#texture" },
        "north": { "uv": [ 5, 15, 6, 16 ], "texture": "#texture" },
        "south": { "uv": [ 10, 15, 11, 16 ], "texture": "#texture" },
        "west":  { "uv": [ 7, 15, 8, 16 ], "texture": "#texture" },
        "east":  { "uv": [ 8, 15, 9, 16 ], "texture": "#texture" }
    }
},
{
    "from": [ 10, 1, 7 ],
    "to": [ 11, 6, 8 ],
    "faces": {
        "down":  { "uv": [ 6, 8, 5, 7 ], "texture": "#chem2" },
        "up":    { "uv": [ 10, 7, 11, 8 ], "texture": "#chem2" },
        "north": { "uv": [ 5, 10, 6, 15 ], "texture": "#chem2" },
        "south": { "uv": [ 10, 10, 11, 15 ], "texture": "#chem2" },
        "west":  { "uv": [ 7, 10, 8, 15 ], "texture": "#chem2" },
        "east":  { "uv": [ 8, 10, 9, 15 ], "texture": "#chem2" }
    }
},
{
    "from": [ 11, 1, 7 ],
    "to": [ 12, 6, 8 ],
    "faces": {
        "down":  { "uv": [ 5, 8, 4, 7 ], "texture": "#texture" },
        "up":    { "uv": [ 11, 7, 12, 8 ], "texture": "#texture" },
        "north": { "uv": [ 4, 10, 5, 15 ], "texture": "#texture" },
        "south": { "uv": [ 11, 10, 12, 15 ], "texture": "#texture" },
        "west":  { "uv": [ 7, 10, 8, 15 ], "texture": "#texture" },
        "east":  { "uv": [ 8, 10, 9, 15 ], "texture": "#texture" }
    }
},
{
    "from": [ 10, 1, 6 ],
    "to": [ 11, 6, 7 ],
    "faces": {
        "down":  { "uv": [ 6, 7, 5, 6 ], "texture": "#texture" },
        "up":    { "uv": [ 10, 6, 11, 7 ], "texture": "#texture" },
        "north": { "uv": [ 5, 10, 6, 15 ], "texture": "#texture" },
        "south": { "uv": [ 10, 10, 11, 15 ], "texture": "#texture" },
        "west":  { "uv": [ 6, 10, 7, 15 ], "texture": "#texture" },
        "east":  { "uv": [ 9, 10, 10, 15 ], "texture": "#texture" }
    }
},
{
    "from": [ 10, 1, 8 ],
    "to": [ 11, 6, 9 ],
    "faces": {
        "down":  { "uv": [ 6, 9, 5, 8 ], "texture": "#texture" },
        "up":    { "uv": [ 10, 8, 11, 9 ], "texture": "#texture" },
        "north": { "uv": [ 5, 10, 6, 15 ], "texture": "#texture" },
        "south": { "uv": [ 10, 10, 11, 15 ], "texture": "#texture" },
        "west":  { "uv": [ 8, 10, 9, 15 ], "texture": "#texture" },
        "east":  { "uv": [ 7, 10, 8, 15 ], "texture": "#texture" }
    }
},
{
    "from": [ 9, 1, 7 ],
    "to": [ 10, 6, 8 ],
    "faces": {
        "down":  { "uv": [ 7, 8, 6, 7 ], "texture": "#texture" },
        "up":    { "uv": [ 9, 7, 10, 8 ], "texture": "#texture" },
        "north": { "uv": [ 6, 10, 7, 15 ], "texture": "#texture" },
        "south": { "uv": [ 9, 10, 10, 15 ], "texture": "#texture" },
        "west":  { "uv": [ 7, 10, 8, 15 ], "texture": "#texture" },
        "east":  { "uv": [ 8, 10, 9, 15 ], "texture": "#texture" }
    }
},
{
    "from": [ 5, 0, 7 ],
    "to": [ 6, 1, 8 ],
    "faces": {
        "down":  { "uv": [ 11, 8, 10, 7 ], "texture": "#texture" },
        "up":    { "uv": [ 5, 7, 6, 8 ], "texture": "#texture" },
        "north": { "uv": [ 10, 15, 11, 16 ], "texture": "#texture" },
        "south": { "uv": [ 5, 15, 6, 16 ], "texture": "#texture" },
        "west":  { "uv": [ 7, 15, 8, 16 ], "texture": "#texture" },
        "east":  { "uv": [ 8, 15, 9, 16 ], "texture": "#texture" }
    }
},
{
    "from": [ 7.5, 0, 7 ],
    "to": [ 8.5, 6, 8 ],
    "faces": {
        "down":  { "uv": [ 8.5, 8, 7.5, 7 ], "texture": "#log_oak" },
        "up":    { "uv": [ 7.5, 7, 8.5, 8 ], "texture": "#log_oak" },
        "north": { "uv": [ 7.5, 10, 8.5, 16 ], "texture": "#log_oak" },
        "south": { "uv": [ 7.5, 10, 8.5, 16 ], "texture": "#log_oak" },
        "west":  { "uv": [ 7, 10, 8, 16 ], "texture": "#log_oak" },
        "east":  { "uv": [ 8, 10, 9, 16 ], "texture": "#log_oak" }
    }
},
{
    "from": [ 6, 0, 6 ],
    "to": [ 10, 1, 9 ],
    "faces": {
        "down":  { "uv": [ 10, 9, 6, 6 ], "texture": "#log_oak" },
        "up":    { "uv": [ 6, 6, 10, 9 ], "texture": "#log_oak" },
        "north": { "uv": [ 6, 15, 10, 16 ], "texture": "#log_oak" },
        "south": { "uv": [ 6, 15, 10, 16 ], "texture": "#log_oak" },
        "west":  { "uv": [ 6, 15, 9, 16 ], "texture": "#log_oak" },
        "east":  { "uv": [ 7, 15, 10, 16 ], "texture": "#log_oak" }
    }
},
{
    "from": [ 6.5, 6, 7 ],
    "to": [ 9.5, 7, 8 ],
    "faces": {
        "down":  { "uv": [ 9.5, 8, 6.5, 7 ], "texture": "#log_oak" },
        "up":    { "uv": [ 6.5, 7, 9.5, 8 ], "texture": "#log_oak" },
        "north": { "uv": [ 6.5, 9, 9.5, 10 ], "texture": "#log_oak" },
        "south": { "uv": [ 6.5, 9, 9.5, 10 ], "texture": "#log_oak" },
        "west":  { "uv": [ 7, 9, 8, 10 ], "texture": "#log_oak" },
        "east":  { "uv": [ 8, 9, 9, 10 ], "texture": "#log_oak" }
    }
},
{
    "from": [ 9.5, 6.5, 7.0625 ],
    "to": [ 11.5, 7, 7.9375 ],
    "rotation": { "origin": [ 9.5, 7, 7.0625 ], "axis": "z", "angle": -45 },
    "faces": {
        "down":  { "uv": [ 5, 8, 3, 7 ], "texture": "#log_oak" },
        "up":    { "uv": [ 11, 7, 13, 8 ], "texture": "#log_oak" },
        "north": { "uv": [ 3, 8, 5, 9 ], "texture": "#log_oak" },
        "south": { "uv": [ 11, 8, 13, 9 ], "texture": "#log_oak" },
        "west":  { "uv": [ 7, 8, 8, 9 ], "texture": "#log_oak" },
        "east":  { "uv": [ 8, 8, 9, 9 ], "texture": "#log_oak" }
    }
},
{
    "from": [ 5.125, 5.0625, 7.0625 ],
    "to": [ 7.125, 5.5625, 7.9375 ],
    "rotation": { "origin": [ 5.125, 5.5625, 7.0625 ], "axis": "z", "angle": 45 },
    "faces": {
        "down":  { "uv": [ 5, 8, 3, 7 ], "texture": "#log_oak" },
        "up":    { "uv": [ 11, 7, 13, 8 ], "texture": "#log_oak" },
        "north": { "uv": [ 3, 8, 5, 9 ], "texture": "#log_oak" },
        "south": { "uv": [ 11, 8, 13, 9 ], "texture": "#log_oak" },
        "west":  { "uv": [ 7, 8, 8, 9 ], "texture": "#log_oak" },
        "east":  { "uv": [ 8, 8, 9, 9 ], "texture": "#log_oak" }
    }
}
]
}