{
"__comment": "Designed by samasaurus6",
"textures": {
    "particle": "blocks/glass_white",
    "texture": "blocks/glass_white",
    "chem1": "gameband/chem1",
    "chem2": "gameband/chem2",
    "chem3": "gameband/chem3",
    "log_oak": "blocks/log_oak"
},
"elements": [ 
{
    "from": [ 3, 1, 3 ],
    "to": [ 6, 4.5, 6 ],
    "faces": {
        "down":  { "uv": [ 13, 6, 10, 3 ], "texture": "#chem2" },
        "up":    { "uv": [ 3, 3, 6, 6 ], "texture": "#chem2" },
        "north": { "uv": [ 10, 11.5, 13, 15 ], "texture": "#chem2" },
        "south": { "uv": [ 3, 11.5, 6, 15 ], "texture": "#chem2" },
        "west":  { "uv": [ 3, 11.5, 6, 15 ], "texture": "#chem2" },
        "east":  { "uv": [ 10, 11.5, 13, 15 ], "texture": "#chem2" }
    }
},
{
    "from": [ 2, 1, 3 ],
    "to": [ 3, 5, 6 ],
    "faces": {
        "down":  { "uv": [ 14, 6, 13, 3 ], "texture": "#texture" },
        "up":    { "uv": [ 2, 3, 3, 6 ], "texture": "#texture" },
        "north": { "uv": [ 13, 11, 14, 15 ], "texture": "#texture" },
        "south": { "uv": [ 2, 11, 3, 15 ], "texture": "#texture" },
        "west":  { "uv": [ 3, 11, 6, 15 ], "texture": "#texture" },
        "east":  { "uv": [ 10, 11, 13, 15 ], "texture": "#texture" }
    }
},
{
    "from": [ 6, 1, 3 ],
    "to": [ 7, 5, 6 ],
    "faces": {
        "down":  { "uv": [ 10, 6, 9, 3 ], "texture": "#texture" },
        "up":    { "uv": [ 6, 3, 7, 6 ], "texture": "#texture" },
        "north": { "uv": [ 9, 11, 10, 15 ], "texture": "#texture" },
        "south": { "uv": [ 6, 11, 7, 15 ], "texture": "#texture" },
        "west":  { "uv": [ 3, 11, 6, 15 ], "texture": "#texture" },
        "east":  { "uv": [ 10, 11, 13, 15 ], "texture": "#texture" }
    }
},
{
    "from": [ 3, 1, 6 ],
    "to": [ 6, 5, 7 ],
    "faces": {
        "down":  { "uv": [ 13, 7, 10, 6 ], "texture": "#texture" },
        "up":    { "uv": [ 3, 6, 6, 7 ], "texture": "#texture" },
        "north": { "uv": [ 10, 11, 13, 15 ], "texture": "#texture" },
        "south": { "uv": [ 3, 11, 6, 15 ], "texture": "#texture" },
        "west":  { "uv": [ 6, 11, 7, 15 ], "texture": "#texture" },
        "east":  { "uv": [ 9, 11, 10, 15 ], "texture": "#texture" }
    }
},
{
    "from": [ 3, 1, 2 ],
    "to": [ 6, 5, 3 ],
    "faces": {
        "down":  { "uv": [ 13, 3, 10, 2 ], "texture": "#texture" },
        "up":    { "uv": [ 3, 2, 6, 3 ], "texture": "#texture" },
        "north": { "uv": [ 10, 11, 13, 15 ], "texture": "#texture" },
        "south": { "uv": [ 3, 11, 6, 15 ], "texture": "#texture" },
        "west":  { "uv": [ 2, 11, 3, 15 ], "texture": "#texture" },
        "east":  { "uv": [ 13, 11, 14, 15 ], "texture": "#texture" }
    }
},
{
    "from": [ 3, 0, 3 ],
    "to": [ 6, 1, 6 ],
    "faces": {
        "down":  { "uv": [ 13, 6, 10, 3 ], "texture": "#texture" },
        "up":    { "uv": [ 3, 3, 6, 6 ], "texture": "#texture" },
        "north": { "uv": [ 10, 15, 13, 16 ], "texture": "#texture" },
        "south": { "uv": [ 3, 15, 6, 16 ], "texture": "#texture" },
        "west":  { "uv": [ 3, 15, 6, 16 ], "texture": "#texture" },
        "east":  { "uv": [ 10, 15, 13, 16 ], "texture": "#texture" }
    }
},
{
    "from": [ 10, 1, 10 ],
    "to": [ 12, 3.5, 12 ],
    "faces": {
        "down":  { "uv": [ 6, 12, 4, 10 ], "texture": "#chem1" },
        "up":    { "uv": [ 10, 10, 12, 12 ], "texture": "#chem1" },
        "north": { "uv": [ 4, 12.5, 6, 15 ], "texture": "#chem1" },
        "south": { "uv": [ 10, 12.5, 12, 15 ], "texture": "#chem1" },
        "west":  { "uv": [ 10, 12.5, 12, 15 ], "texture": "#chem1" },
        "east":  { "uv": [ 4, 12.5, 6, 15 ], "texture": "#chem1" }
    }
},
{
    "from": [ 12, 1, 10 ],
    "to": [ 13, 4, 12 ],
    "faces": {
        "down":  { "uv": [ 4, 12, 3, 10 ], "texture": "#texture" },
        "up":    { "uv": [ 12, 10, 13, 12 ], "texture": "#texture" },
        "north": { "uv": [ 3, 12, 4, 15 ], "texture": "#texture" },
        "south": { "uv": [ 12, 12, 13, 15 ], "texture": "#texture" },
        "west":  { "uv": [ 10, 12, 12, 15 ], "texture": "#texture" },
        "east":  { "uv": [ 4, 12, 6, 15 ], "texture": "#texture" }
    }
},
{
    "from": [ 9, 1, 10 ],
    "to": [ 10, 4, 12 ],
    "faces": {
        "down":  { "uv": [ 7, 12, 6, 10 ], "texture": "#texture" },
        "up":    { "uv": [ 9, 10, 10, 12 ], "texture": "#texture" },
        "north": { "uv": [ 6, 12, 7, 15 ], "texture": "#texture" },
        "south": { "uv": [ 9, 12, 10, 15 ], "texture": "#texture" },
        "west":  { "uv": [ 10, 12, 12, 15 ], "texture": "#texture" },
        "east":  { "uv": [ 4, 12, 6, 15 ], "texture": "#texture" }
    }
},
{
    "from": [ 10, 1, 12 ],
    "to": [ 12, 4, 13 ],
    "faces": {
        "down":  { "uv": [ 6, 13, 4, 12 ], "texture": "#texture" },
        "up":    { "uv": [ 10, 12, 12, 13 ], "texture": "#texture" },
        "north": { "uv": [ 4, 12, 6, 15 ], "texture": "#texture" },
        "south": { "uv": [ 10, 12, 12, 15 ], "texture": "#texture" },
        "west":  { "uv": [ 12, 12, 13, 15 ], "texture": "#texture" },
        "east":  { "uv": [ 3, 12, 4, 15 ], "texture": "#texture" }
    }
},
{
    "from": [ 10, 1, 9 ],
    "to": [ 12, 4, 10 ],
    "faces": {
        "down":  { "uv": [ 6, 10, 4, 9 ], "texture": "#texture" },
        "up":    { "uv": [ 10, 9, 12, 10 ], "texture": "#texture" },
        "north": { "uv": [ 4, 12, 6, 15 ], "texture": "#texture" },
        "south": { "uv": [ 10, 12, 12, 15 ], "texture": "#texture" },
        "west":  { "uv": [ 9, 12, 10, 15 ], "texture": "#texture" },
        "east":  { "uv": [ 6, 12, 7, 15 ], "texture": "#texture" }
    }
},
{
    "from": [ 10, 0, 10 ],
    "to": [ 12, 1, 12 ],
    "faces": {
        "down":  { "uv": [ 6, 12, 4, 10 ], "texture": "#texture" },
        "up":    { "uv": [ 10, 10, 12, 12 ], "texture": "#texture" },
        "north": { "uv": [ 4, 15, 6, 16 ], "texture": "#texture" },
        "south": { "uv": [ 10, 15, 12, 16 ], "texture": "#texture" },
        "west":  { "uv": [ 10, 15, 12, 16 ], "texture": "#texture" },
        "east":  { "uv": [ 4, 15, 6, 16 ], "texture": "#texture" }
    }
}
]
}