{
"__comment": "Designed by samasaurus6",
"textures": {
    "particle": "blocks/glass_white",
    "texture": "blocks/glass_white",
    "chem1": "gameband/chem1",
    "chem2": "gameband/chem2",
    "chem3": "gameband/chem3",
    "log_oak": "blocks/log_oak",
    "water_flow": "blocks/water_flow"
},
"elements": [ 
{
    "from": [ 7, 1, 7 ],
    "to": [ 9, 9.5, 9 ],
    "faces": {
        "down":  { "uv": [ 9, 9, 7, 7 ], "texture": "#water_flow" },
        "up":    { "uv": [ 7, 7, 9, 9 ], "texture": "#water_flow" },
        "north": { "uv": [ 7, 6.5, 9, 15 ], "texture": "#water_flow" },
        "south": { "uv": [ 7, 6.5, 9, 15 ], "texture": "#water_flow" },
        "west":  { "uv": [ 7, 6.5, 9, 15 ], "texture": "#water_flow" },
        "east":  { "uv": [ 7, 6.5, 9, 15 ], "texture": "#water_flow" }
    }
},
{
    "from": [ 9, 1, 7 ],
    "to": [ 10, 10, 9 ],
    "faces": {
        "down":  { "uv": [ 7, 9, 6, 7 ], "texture": "#texture" },
        "up":    { "uv": [ 9, 7, 10, 9 ], "texture": "#texture" },
        "north": { "uv": [ 6, 6, 7, 15 ], "texture": "#texture" },
        "south": { "uv": [ 9, 6, 10, 15 ], "texture": "#texture" },
        "west":  { "uv": [ 7, 6, 9, 15 ], "texture": "#texture" },
        "east":  { "uv": [ 7, 6, 9, 15 ], "texture": "#texture" }
    }
},
{
    "from": [ 6, 1, 7 ],
    "to": [ 7, 10, 9 ],
    "faces": {
        "down":  { "uv": [ 10, 9, 9, 7 ], "texture": "#texture" },
        "up":    { "uv": [ 6, 7, 7, 9 ], "texture": "#texture" },
        "north": { "uv": [ 9, 6, 10, 15 ], "texture": "#texture" },
        "south": { "uv": [ 6, 6, 7, 15 ], "texture": "#texture" },
        "west":  { "uv": [ 7, 6, 9, 15 ], "texture": "#texture" },
        "east":  { "uv": [ 7, 6, 9, 15 ], "texture": "#texture" }
    }
},
{
    "from": [ 7, 1, 9 ],
    "to": [ 9, 10, 10 ],
    "faces": {
        "down":  { "uv": [ 9, 10, 7, 9 ], "texture": "#texture" },
        "up":    { "uv": [ 7, 9, 9, 10 ], "texture": "#texture" },
        "north": { "uv": [ 7, 6, 9, 15 ], "texture": "#texture" },
        "south": { "uv": [ 7, 6, 9, 15 ], "texture": "#texture" },
        "west":  { "uv": [ 9, 6, 10, 15 ], "texture": "#texture" },
        "east":  { "uv": [ 6, 6, 7, 15 ], "texture": "#texture" }
    }
},
{
    "from": [ 7, 1, 6 ],
    "to": [ 9, 10, 7 ],
    "faces": {
        "down":  { "uv": [ 9, 7, 7, 6 ], "texture": "#texture" },
        "up":    { "uv": [ 7, 6, 9, 7 ], "texture": "#texture" },
        "north": { "uv": [ 7, 6, 9, 15 ], "texture": "#texture" },
        "south": { "uv": [ 7, 6, 9, 15 ], "texture": "#texture" },
        "west":  { "uv": [ 6, 6, 7, 15 ], "texture": "#texture" },
        "east":  { "uv": [ 9, 6, 10, 15 ], "texture": "#texture" }
    }
},
{
    "from": [ 6, 0, 6 ],
    "to": [ 10, 1, 10 ],
    "faces": {
        "down":  { "uv": [ 10, 10, 6, 6 ], "texture": "#texture" },
        "up":    { "uv": [ 6, 6, 10, 10 ], "texture": "#texture" },
        "north": { "uv": [ 6, 15, 10, 16 ], "texture": "#texture" },
        "south": { "uv": [ 6, 15, 10, 16 ], "texture": "#texture" },
        "west":  { "uv": [ 6, 15, 10, 16 ], "texture": "#texture" },
        "east":  { "uv": [ 6, 15, 10, 16 ], "texture": "#texture" }
    }
}
]
}