{
"__comment": "Designed by samasaurus6",
"textures": {
    "particle": "blocks/glass_white",
    "texture": "blocks/glass_white",
    "chem1": "gameband/chem1",
    "chem2": "gameband/chem2",
    "chem3": "gameband/chem3",
    "log_oak": "blocks/log_oak"
},
"elements": [ 
{
    "from": [ 5, 0, 5 ],
    "to": [ 11, 1, 11 ],
    "faces": {
        "down":  { "uv": [ 11, 11, 5, 5 ], "texture": "#texture" },
        "up":    { "uv": [ 5, 5, 11, 11 ], "texture": "#texture" },
        "north": { "uv": [ 5, 15, 11, 16 ], "texture": "#texture" },
        "south": { "uv": [ 5, 15, 11, 16 ], "texture": "#texture" },
        "west":  { "uv": [ 5, 15, 11, 16 ], "texture": "#texture" },
        "east":  { "uv": [ 5, 15, 11, 16 ], "texture": "#texture" }
    }
},
{
    "from": [ 4, 1, 5 ],
    "to": [ 5, 2, 11 ],
    "faces": {
        "down":  { "uv": [ 12, 11, 11, 5 ], "texture": "#texture" },
        "up":    { "uv": [ 4, 5, 5, 11 ], "texture": "#texture" },
        "north": { "uv": [ 11, 14, 12, 15 ], "texture": "#texture" },
        "south": { "uv": [ 4, 14, 5, 15 ], "texture": "#texture" },
        "west":  { "uv": [ 5, 14, 11, 15 ], "texture": "#texture" },
        "east":  { "uv": [ 5, 14, 11, 15 ], "texture": "#texture" }
    }
},
{
    "from": [ 11, 1, 5 ],
    "to": [ 12, 2, 11 ],
    "faces": {
        "down":  { "uv": [ 5, 11, 4, 5 ], "texture": "#texture" },
        "up":    { "uv": [ 11, 5, 12, 11 ], "texture": "#texture" },
        "north": { "uv": [ 4, 14, 5, 15 ], "texture": "#texture" },
        "south": { "uv": [ 11, 14, 12, 15 ], "texture": "#texture" },
        "west":  { "uv": [ 5, 14, 11, 15 ], "texture": "#texture" },
        "east":  { "uv": [ 5, 14, 11, 15 ], "texture": "#texture" }
    }
},
{
    "from": [ 5, 1, 4 ],
    "to": [ 11, 2, 5 ],
    "faces": {
        "down":  { "uv": [ 11, 5, 5, 4 ], "texture": "#texture" },
        "up":    { "uv": [ 5, 4, 11, 5 ], "texture": "#texture" },
        "north": { "uv": [ 5, 14, 11, 15 ], "texture": "#texture" },
        "south": { "uv": [ 5, 14, 11, 15 ], "texture": "#texture" },
        "west":  { "uv": [ 4, 14, 5, 15 ], "texture": "#texture" },
        "east":  { "uv": [ 11, 14, 12, 15 ], "texture": "#texture" }
    }
},
{
    "from": [ 5, 1, 11 ],
    "to": [ 11, 2, 12 ],
    "faces": {
        "down":  { "uv": [ 11, 12, 5, 11 ], "texture": "#texture" },
        "up":    { "uv": [ 5, 11, 11, 12 ], "texture": "#texture" },
        "north": { "uv": [ 5, 14, 11, 15 ], "texture": "#texture" },
        "south": { "uv": [ 5, 14, 11, 15 ], "texture": "#texture" },
        "west":  { "uv": [ 11, 14, 12, 15 ], "texture": "#texture" },
        "east":  { "uv": [ 4, 14, 5, 15 ], "texture": "#texture" }
    }
},
{
    "from": [ 5, 1, 5 ],
    "to": [ 11, 1.5, 11 ],
    "faces": {
        "down":  { "uv": [ 11, 11, 5, 5 ], "texture": "#chem3" },
        "up":    { "uv": [ 5, 5, 11, 11 ], "texture": "#chem3" },
        "north": { "uv": [ 5, 14.5, 11, 15 ], "texture": "#chem3" },
        "south": { "uv": [ 5, 14.5, 11, 15 ], "texture": "#chem3" },
        "west":  { "uv": [ 5, 14.5, 11, 15 ], "texture": "#chem3" },
        "east":  { "uv": [ 5, 14.5, 11, 15 ], "texture": "#chem3" }
    }
},
{
    "from": [ 12, 0, 12 ],
    "to": [ 13, 0.5, 13 ],
    "faces": {
        "down":  { "uv": [ 4, 13, 3, 12 ], "texture": "#chem3" },
        "up":    { "uv": [ 12, 12, 13, 13 ], "texture": "#chem3" },
        "north": { "uv": [ 3, 15.5, 4, 16 ], "texture": "#chem3" },
        "south": { "uv": [ 12, 15.5, 13, 16 ], "texture": "#chem3" },
        "west":  { "uv": [ 12, 15.5, 13, 16 ], "texture": "#chem3" },
        "east":  { "uv": [ 3, 15.5, 4, 16 ], "texture": "#chem3" }
    }
},
{
    "from": [ 14, 0, 3.5 ],
    "to": [ 14.5, 0.5, 4 ],
    "faces": {
        "down":  { "uv": [ 2, 4, 1.5, 3.5 ], "texture": "#chem3" },
        "up":    { "uv": [ 14, 3.5, 14.5, 4 ], "texture": "#chem3" },
        "north": { "uv": [ 1.5, 15.5, 2, 16 ], "texture": "#chem3" },
        "south": { "uv": [ 14, 15.5, 14.5, 16 ], "texture": "#chem3" },
        "west":  { "uv": [ 3.5, 15.5, 4, 16 ], "texture": "#chem3" },
        "east":  { "uv": [ 12, 15.5, 12.5, 16 ], "texture": "#chem3" }
    }
},
{
    "from": [ 6, 0, 2 ],
    "to": [ 6.5, 0.5, 2.5 ],
    "faces": {
        "down":  { "uv": [ 10, 2.5, 9.5, 2 ], "texture": "#chem3" },
        "up":    { "uv": [ 6, 2, 6.5, 2.5 ], "texture": "#chem3" },
        "north": { "uv": [ 9.5, 15.5, 10, 16 ], "texture": "#chem3" },
        "south": { "uv": [ 6, 15.5, 6.5, 16 ], "texture": "#chem3" },
        "west":  { "uv": [ 2, 15.5, 2.5, 16 ], "texture": "#chem3" },
        "east":  { "uv": [ 13.5, 15.5, 14, 16 ], "texture": "#chem3" }
    }
},
{
    "from": [ 3, 0, 5.5 ],
    "to": [ 3.5, 0.5, 6 ],
    "faces": {
        "down":  { "uv": [ 13, 6, 12.5, 5.5 ], "texture": "#chem3" },
        "up":    { "uv": [ 3, 5.5, 3.5, 6 ], "texture": "#chem3" },
        "north": { "uv": [ 12.5, 15.5, 13, 16 ], "texture": "#chem3" },
        "south": { "uv": [ 3, 15.5, 3.5, 16 ], "texture": "#chem3" },
        "west":  { "uv": [ 5.5, 15.5, 6, 16 ], "texture": "#chem3" },
        "east":  { "uv": [ 10, 15.5, 10.5, 16 ], "texture": "#chem3" }
    }
}
]
}