{
"__comment": "Designed by samasaurus6",
"textures": {
    "particle": "blocks/door_iron_lower",
    "texture": "blocks/door_iron_lower",
    "iron_block": "blocks/iron_block",
    "door_dark_oak_upper": "blocks/door_iron_lower",
    "anvil_base": "blocks/anvil_base",
    "glass_white": "blocks/glass_white"
},
"elements": [ 
{
    "from": [ 0, 0, 0 ],
    "to": [ 3, 16, 3 ],
    "faces": {
        "down":  { "uv": [ 16, 3, 13, 0 ], "texture": "#texture" },
        "up":    { "uv": [ 1, 0, 4, 3 ], "texture": "#texture" },
        "north": { "uv": [ 13, 16, 16, 0 ], "texture": "#texture" },
        "south": { "uv": [ 1, 16, 4, 0 ], "texture": "#texture" },
        "west":  { "uv": [ 0, 16, 3, 0 ], "texture": "#texture" },
        "east":  { "uv": [ 13, 16, 16, 0 ], "texture": "#texture" }
    }
},
{
    "from": [ 0, 0, 13 ],
    "to": [ 3, 16, 16 ],
    "faces": {
        "down":  { "uv": [ 16, 16, 13, 13 ], "texture": "#texture" },
        "up":    { "uv": [ 0, 13, 3, 16 ], "texture": "#texture" },
        "north": { "uv": [ 13, 16, 16, 0 ], "texture": "#texture" },
        "south": { "uv": [ 1, 16, 4, 0 ], "texture": "#texture" },
        "west":  { "uv": [ 13, 16, 16, 0 ], "texture": "#texture" },
        "east":  { "uv": [ 0, 16, 3, 0 ], "texture": "#texture" }
    }
},
{
    "from": [ 0, 12, 3 ],
    "to": [ 3, 16, 13 ],
    "faces": {
        "down":  { "uv": [ 10, 14, 7, 4 ], "texture": "#texture" },
        "up":    { "uv": [ 7, 4, 10, 14 ], "texture": "#texture" },
        "north": { "uv": [ 0, 1, 3, 5 ], "texture": "#texture" },
        "south": { "uv": [ 0, 1, 3, 5 ], "texture": "#texture" },
        "west":  { "uv": [ 13, 16, 3, 12 ], "texture": "#texture" },
        "east":  { "uv": [ 13, 12, 3, 16 ], "rotation": 180, "texture": "#texture" }
    }
},
{
    "from": [ 0, 0, 3 ],
    "to": [ 3, 4, 13 ],
    "faces": {
        "down":  { "uv": [ 9.5, 15, 6.5, 5 ], "texture": "#texture" },
        "up":    { "uv": [ 6, 5, 9, 15 ], "texture": "#texture" },
        "north": { "uv": [ 13, 12, 16, 16 ], "texture": "#texture" },
        "south": { "uv": [ 0, 12, 3, 16 ], "texture": "#texture" },
        "west":  { "uv": [ 13, 0, 3, 4 ], "rotation": 180, "texture": "#texture" },
        "east":  { "uv": [ 13, 0, 3, 4 ], "rotation": 180, "texture": "#texture" }
    }
},
{
    "from": [ 1, 4, 3 ],
    "to": [ 2, 12, 13 ],
    "faces": {
        "down":  { "uv": [ 16, 16, 15, 0 ], "texture": "#glass_white" },
        "up":    { "uv": [ 0, 0, 1, 16 ], "texture": "#glass_white" },
        "north": { "uv": [ 0, 0, 1, 16 ], "texture": "#glass_white" },
        "south": { "uv": [ 0, 0, 1, 16 ], "texture": "#glass_white" },
        "west":  { "uv": [ 0, 0, 16, 16 ], "texture": "#glass_white" },
        "east":  { "uv": [ 0, 0, 16, 16 ], "texture": "#glass_white" }
    }
}
]
}