{
"__comment": "Designed by samasaurus6",
"textures": {
    "particle": "blocks/iron_block",
    "texture": "gameband/gamebandbase",
    "redstone_ore": "blocks/redstone_ore",
    "gameband": "gameband/gameband",
    "button": "gameband/button",
    "iron_block": "blocks/iron_block",
    "power": "gameband/power",
    "command_block": "blocks/command_block",
    "hack_done": "gameband/hack_done",
    "lapis_block": "blocks/lapis_block"
},
"elements": [ 
{
    "from": [ 7.73438, 17.25, 7.25 ],
    "to": [ 8.26563, 17.75, 8.76563 ],
    "faces": {
        "down":  { "uv": [ 9.0625, 11.0625, 6.9375, 5 ], "texture": "#texture" },
        "up":    { "uv": [ 6.9375, 5, 9.0625, 11.0625 ], "texture": "#texture" },
        "north": { "uv": [ 6.9375, 3, 9.0625, 5 ], "texture": "#texture" },
        "south": { "uv": [ 6.9375, 3, 9.0625, 5 ], "texture": "#texture" },
        "west":  { "uv": [ 5, 3, 11.0625, 5 ], "texture": "#texture" },
        "east":  { "uv": [ 4.9375, 3, 11, 5 ], "texture": "#texture" }
    }
},
{
    "from": [ 7.8125, 15.2656, 7.25 ],
    "to": [ 8.1875, 15.7188, 8.75 ],
    "faces": {
        "down":  { "uv": [ 8.75, 11, 7.25, 5 ], "texture": "#texture" },
        "up":    { "uv": [ 7.25, 5, 8.75, 11 ], "texture": "#texture" },
        "north": { "uv": [ 7.25, 11.125, 8.75, 12.9375 ], "texture": "#texture" },
        "south": { "uv": [ 7.25, 11.125, 8.75, 12.9375 ], "texture": "#texture" },
        "west":  { "uv": [ 5, 11.125, 11, 12.9375 ], "texture": "#texture" },
        "east":  { "uv": [ 5, 11.125, 11, 12.9375 ], "texture": "#texture" }
    }
},
{
    "from": [ 7.75, 16.9688, 6.57813 ],
    "to": [ 8.25, 17.4688, 7.32813 ],
    "rotation": { "origin": [ 7.75, 17.4688, 6.57813 ], "axis": "x", "angle": -22.5 },
    "faces": {
        "down":  { "uv": [ 9, 5.3125, 7, 2.3125 ], "texture": "#texture" },
        "up":    { "uv": [ 7, 2.3125, 9, 5.3125 ], "texture": "#texture" },
        "north": { "uv": [ 7, 4.125, 9, 6.125 ], "texture": "#texture" },
        "south": { "uv": [ 7, 4.125, 9, 6.125 ], "texture": "#texture" },
        "west":  { "uv": [ 2.3125, 4.125, 5.3125, 6.125 ], "texture": "#texture" },
        "east":  { "uv": [ 10.6875, 4.125, 13.6875, 6.125 ], "texture": "#texture" }
    }
},
{
    "from": [ 7.75, 17.25, 8.75 ],
    "to": [ 8.25, 17.75, 9.5 ],
    "rotation": { "origin": [ 7.75, 17.75, 8.75 ], "axis": "x", "angle": 22.5 },
    "faces": {
        "down":  { "uv": [ 9, 14, 7, 11 ], "texture": "#texture" },
        "up":    { "uv": [ 7, 11, 9, 14 ], "texture": "#texture" },
        "north": { "uv": [ 7, 3, 9, 5 ], "texture": "#texture" },
        "south": { "uv": [ 7, 3, 9, 5 ], "texture": "#texture" },
        "west":  { "uv": [ 11, 3, 14, 5 ], "texture": "#texture" },
        "east":  { "uv": [ 2, 3, 5, 5 ], "texture": "#texture" }
    }
},
{
    "from": [ 7.79688, 15.5, 6.75 ],
    "to": [ 8.20313, 16, 7.5 ],
    "rotation": { "origin": [ 7.79688, 16, 6.75 ], "axis": "x", "angle": 22.5 },
    "faces": {
        "down":  { "uv": [ 8.8125, 6, 7.1875, 3 ], "texture": "#texture" },
        "up":    { "uv": [ 7.1875, 3, 8.8125, 6 ], "texture": "#texture" },
        "north": { "uv": [ 7.1875, 10, 8.8125, 12 ], "texture": "#texture" },
        "south": { "uv": [ 7.1875, 10, 8.8125, 12 ], "texture": "#texture" },
        "west":  { "uv": [ 3, 10, 6, 12 ], "texture": "#texture" },
        "east":  { "uv": [ 10, 10, 13, 12 ], "texture": "#texture" }
    }
},
{
    "from": [ 7.79688, 15.2188, 8.5625 ],
    "to": [ 8.20313, 15.7188, 9.3125 ],
    "rotation": { "origin": [ 7.79688, 15.7188, 8.5625 ], "axis": "x", "angle": -22.5 },
    "faces": {
        "down":  { "uv": [ 8.8125, 13.25, 7.1875, 10.25 ], "texture": "#texture" },
        "up":    { "uv": [ 7.1875, 10.25, 8.8125, 13.25 ], "texture": "#texture" },
        "north": { "uv": [ 7.1875, 11.125, 8.8125, 13.125 ], "texture": "#texture" },
        "south": { "uv": [ 7.1875, 11.125, 8.8125, 13.125 ], "texture": "#texture" },
        "west":  { "uv": [ 10.25, 11.125, 13.25, 13.125 ], "texture": "#texture" },
        "east":  { "uv": [ 2.75, 11.125, 5.75, 13.125 ], "texture": "#texture" }
    }
},
{
    "from": [ 7.76563, 16.7188, 6.59375 ],
    "to": [ 8.23438, 17.4688, 7.09375 ],
    "rotation": { "origin": [ 7.76563, 17.4688, 6.59375 ], "axis": "x", "angle": 22.5 },
    "faces": {
        "down":  { "uv": [ 8.9375, 4.375, 7.0625, 2.375 ], "texture": "#texture" },
        "up":    { "uv": [ 7.0625, 2.375, 8.9375, 4.375 ], "texture": "#texture" },
        "north": { "uv": [ 7.0625, 4.125, 8.9375, 7.125 ], "texture": "#texture" },
        "south": { "uv": [ 7.0625, 4.125, 8.9375, 7.125 ], "texture": "#texture" },
        "west":  { "uv": [ 2.375, 4.125, 4.375, 7.125 ], "texture": "#texture" },
        "east":  { "uv": [ 11.625, 4.125, 13.625, 7.125 ], "texture": "#texture" }
    }
},
{
    "from": [ 7.78125, 15.4844, 6.28125 ],
    "to": [ 8.21875, 16.2344, 6.78125 ],
    "rotation": { "origin": [ 7.78125, 16.2344, 6.28125 ], "axis": "x", "angle": -22.5 },
    "faces": {
        "down":  { "uv": [ 8.875, 3.125, 7.125, 1.125 ], "texture": "#texture" },
        "up":    { "uv": [ 7.125, 1.125, 8.875, 3.125 ], "texture": "#texture" },
        "north": { "uv": [ 7.125, 9.0625, 8.875, 12.0625 ], "texture": "#texture" },
        "south": { "uv": [ 7.125, 9.0625, 8.875, 12.0625 ], "texture": "#texture" },
        "west":  { "uv": [ 1.125, 9.0625, 3.125, 12.0625 ], "texture": "#texture" },
        "east":  { "uv": [ 12.875, 9.0625, 14.875, 12.0625 ], "texture": "#texture" }
    }
},
{
    "from": [ 7.78125, 15.6875, 9.26563 ],
    "to": [ 8.21875, 16.4375, 9.76563 ],
    "rotation": { "origin": [ 7.78125, 16.4375, 9.26563 ], "axis": "x", "angle": 22.5 },
    "faces": {
        "down":  { "uv": [ 8.875, 15.0625, 7.125, 13.0625 ], "texture": "#texture" },
        "up":    { "uv": [ 7.125, 13.0625, 8.875, 15.0625 ], "texture": "#texture" },
        "north": { "uv": [ 7.125, 8.25, 8.875, 11.25 ], "texture": "#texture" },
        "south": { "uv": [ 7.125, 8.25, 8.875, 11.25 ], "texture": "#texture" },
        "west":  { "uv": [ 13.0625, 8.25, 15.0625, 11.25 ], "texture": "#texture" },
        "east":  { "uv": [ 0.9375, 8.25, 2.9375, 11.25 ], "texture": "#texture" }
    }
},
{
    "from": [ 7.76563, 16.5156, 8.98438 ],
    "to": [ 8.21875, 17.2656, 9.48438 ],
    "rotation": { "origin": [ 7.76563, 17.2656, 8.98438 ], "axis": "x", "angle": -22.5 },
    "faces": {
        "down":  { "uv": [ 8.9375, 13.9375, 7.125, 11.9375 ], "texture": "#texture" },
        "up":    { "uv": [ 7.0625, 11.9375, 8.875, 13.9375 ], "texture": "#texture" },
        "north": { "uv": [ 7.125, 4.9375, 8.9375, 7.9375 ], "texture": "#texture" },
        "south": { "uv": [ 7.0625, 4.9375, 8.875, 7.9375 ], "texture": "#texture" },
        "west":  { "uv": [ 11.9375, 4.9375, 13.9375, 7.9375 ], "texture": "#texture" },
        "east":  { "uv": [ 2.0625, 4.9375, 4.0625, 7.9375 ], "texture": "#texture" }
    }
},
{
    "from": [ 7.75, 16.25, 6.3125 ],
    "to": [ 8.25, 16.75, 6.8125 ],
    "faces": {
        "down":  { "uv": [ 9, 3.25, 7, 1.25 ], "texture": "#texture" },
        "up":    { "uv": [ 7, 1.25, 9, 3.25 ], "texture": "#texture" },
        "north": { "uv": [ 7, 7, 9, 9 ], "texture": "#texture" },
        "south": { "uv": [ 7, 7, 9, 9 ], "texture": "#texture" },
        "west":  { "uv": [ 1.25, 7, 3.25, 9 ], "texture": "#texture" },
        "east":  { "uv": [ 12.75, 7, 14.75, 9 ], "texture": "#texture" }
    }
},
{
    "__comment": "Redstone Piece",
    "from": [ 7.75, 16.2344, 9.1875 ],
    "to": [ 8.25, 16.7656, 9.71875 ],
    "faces": {
        "down":  { "uv": [ 16, 16, 15, 15 ], "texture": "#redstone_ore" },
        "up":    { "uv": [ 0, 0, 1, 1 ], "texture": "#redstone_ore" },
        "north": { "uv": [ 6, 7, 15, 16 ], "texture": "#redstone_ore" },
        "south": { "uv": [ 5, 2, 14, 11 ], "texture": "#redstone_ore" },
        "west":  { "uv": [ 2, 2, 11, 11 ], "texture": "#redstone_ore" },
        "east":  { "uv": [ 1, 5, 10, 14 ], "texture": "#redstone_ore" }
    }
},
{
    "__comment": "Button",
    "from": [ 7.875, 17.3438, 6.76563 ],
    "to": [ 8.125, 17.5938, 7.01563 ],
    "rotation": { "origin": [ 7.875, 17.5938, 6.76563 ], "axis": "x", "angle": -22.5 },
    "faces": {
        "down":  { "uv": [ 13, 4, 12, 3 ], "texture": "#lapis_block", "tintindex": 0 },
        "up":    { "uv": [ 12, 3, 13, 4 ], "texture": "#lapis_block", "tintindex": 0 },
        "north": { "uv": [ 12, 3, 13, 4 ], "texture": "#lapis_block", "tintindex": 0 },
        "south": { "uv": [ 12, 3, 13, 4 ], "texture": "#lapis_block", "tintindex": 0 },
        "west":  { "uv": [ 12, 2, 13, 3 ], "texture": "#lapis_block", "tintindex": 0 },
        "east":  { "uv": [ 12, 2.5, 13, 3.5 ], "texture": "#lapis_block", "tintindex": 0 }
    }
},
{
    "__comment": "RCHARGE",
    "from": [ 2, 0, 2 ],
    "to": [ 14, 3, 14 ],
    "faces": {
        "down":  { "uv": [ 16, 16, 0, 0 ], "texture": "#iron_block" },
        "up":    { "uv": [ 0, 0, 16, 16 ], "texture": "#iron_block" },
        "north": { "uv": [ 0, 12, 16, 15 ], "texture": "#iron_block" },
        "south": { "uv": [ 0, 11.5, 16, 14.5 ], "texture": "#iron_block" },
        "west":  { "uv": [ 0, 12, 16, 15 ], "texture": "#iron_block" },
        "east":  { "uv": [ 0, 12, 16, 15 ], "texture": "#iron_block" }
    }
},
{
    "__comment": "RCHARGE",
    "from": [ 4, 3, 4 ],
    "to": [ 12, 16, 12 ],
    "faces": {
        "down":  { "uv": [ 12, 12, 4, 4 ], "texture": "#iron_block" },
        "up":    { "uv": [ 0, 0, 16, 16 ], "texture": "#iron_block" },
        "north": { "uv": [ 4, 0, 12, 13 ], "texture": "#iron_block" },
        "south": { "uv": [ 4, 0, 12, 13 ], "texture": "#iron_block" },
        "west":  { "uv": [ 4, 0, 12, 13 ], "texture": "#iron_block" },
        "east":  { "uv": [ 4, 0, 12, 13 ], "texture": "#iron_block" }
    }
},
{
    "from": [ 5, 16, 5 ],
    "to": [ 11, 16.5, 11 ],
    "faces": {
        "down":  { "uv": [ 16, 16, 0, 0 ], "texture": "#power" },
        "up":    { "uv": [ 0, 0, 16, 16 ], "texture": "#power" },
        "north": { "uv": [ 5, 0, 10, 3 ], "texture": "#power" },
        "south": { "uv": [ 5, 0, 10, 3 ], "texture": "#power" },
        "west":  { "uv": [ 5, 0, 10, 3 ], "texture": "#power" },
        "east":  { "uv": [ 5, 0, 10, 3 ], "texture": "#power" }
    }
},
{
    "from": [ 10, 16, 3.5 ],
    "to": [ 10.5, 16.5, 5 ],
    "faces": {
        "down":  { "uv": [ 6, 5, 5.5, 3.5 ], "texture": "#texture" },
        "up":    { "uv": [ 10, 3.5, 10.5, 5 ], "texture": "#texture" },
        "north": { "uv": [ 5.5, 0, 6, 0 ], "texture": "#texture" },
        "south": { "uv": [ 10, 0, 10.5, 0 ], "texture": "#texture" },
        "west":  { "uv": [ 3.5, 0, 5, 0 ], "texture": "#texture" },
        "east":  { "uv": [ 11, 0, 12.5, 0 ], "texture": "#texture" }
    }
},
{
    "from": [ 10, 12, 3.5 ],
    "to": [ 10.5, 16, 4 ],
    "faces": {
        "down":  { "uv": [ 6, 4, 5.5, 3.5 ], "texture": "#texture" },
        "up":    { "uv": [ 10, 3.5, 10.5, 4 ], "texture": "#texture" },
        "north": { "uv": [ 5.5, 0, 6, 4 ], "texture": "#texture" },
        "south": { "uv": [ 10, 0, 10.5, 4 ], "texture": "#texture" },
        "west":  { "uv": [ 3.5, 0, 4, 4 ], "texture": "#texture" },
        "east":  { "uv": [ 12, 0, 12.5, 4 ], "texture": "#texture" }
    }
},
{
    "from": [ 5, 6, 3.5 ],
    "to": [ 11, 12, 4 ],
    "faces": {
        "down":  { "uv": [ 13, 13, 4, 12 ], "texture": "#command_block" },
        "up":    { "uv": [ 13, 4, 4, 5 ], "texture": "#command_block" },
        "north": { "uv": [ 4, 4, 13, 13 ], "texture": "#command_block" },
        "south": { "uv": [ 4, 4, 13, 13 ], "texture": "#command_block" },
        "west":  { "uv": [ 12, 4, 13, 13 ], "texture": "#command_block" },
        "east":  { "uv": [ 4, 4, 5, 13 ], "texture": "#command_block" }
    }
},
{
    "from": [ 5.5, 13, 3.9375 ],
    "to": [ 8.5, 14, 4.4375 ],
    "faces": {
        "down":  { "uv": [ 10.5, 4.4375, 7.5, 3.9375 ], "texture": "#hack_done" },
        "up":    { "uv": [ 5.5, 3.9375, 8.5, 4.4375 ], "texture": "#hack_done" },
        "north": { "uv": [ 10, 5, 13, 6 ], "texture": "#hack_done" },
        "south": { "uv": [ 10, 5, 13, 6 ], "texture": "#hack_done" },
        "west":  { "uv": [ 3.9375, 2, 4.4375, 3 ], "texture": "#hack_done" },
        "east":  { "uv": [ 11.5625, 2, 12.0625, 3 ], "texture": "#hack_done" }
    }
}
],
"display": {
    "thirdperson": {
        "rotation": [ 0, -92, 90 ],
        "translation": [ 0, 0.1, -0.5 ],
        "scale": [ 0.75, 0.75, 0.5 ]
    },
    "ground": {
        "rotation": [ 0, 0, 0 ],
        "translation": [ 0, -6.6, 0 ],
        "scale": [ 2, 2, 2 ]
    },
    "fixed": {
        "rotation": [ 0, -90, 0 ],
        "translation": [ 0, 0.5, -0.2 ],
        "scale": [ 2, 2, 2 ]
    },
    "firstperson": {
        "rotation": [ -10, 60, 0 ],
        "translation": [ 0, 0, 0 ],
        "scale": [ 2, 2, 2 ]
    },
    "gui": {
        "rotation": [ 0, 0, 0 ],
        "translation": [ 0, 0, 0 ],
        "scale": [ 1, 1, 1 ]
    }
}
}