{
"__comment": "Designed by samasaurus6",
"textures": {
    "particle": "blocks/iron_block",
    "texture": "blocks/iron_block",
    "brick": "blocks/anvil_base",
    "command_block": "blocks/command_block",
    "emerald_block": "blocks/emerald_block",
    "portal": "blocks/portal"
},
"elements": [ 
{
    "from": [ 4, 15, 4 ],
    "to": [ 12, 16, 12 ],
    "faces": {
        "down":  { "uv": [ 16, 16, 0, 0 ], "rotation": 180, "texture": "#texture" },
        "up":    { "uv": [ 0, 0, 16, 16 ], "rotation": 180, "texture": "#texture" },
        "north": { "uv": [ 0, 0, 16, 1 ], "texture": "#texture" },
        "south": { "uv": [ 0, 0, 16, 1 ], "texture": "#texture" },
        "west":  { "uv": [ 0, 0, 16, 1 ], "texture": "#texture" },
        "east":  { "uv": [ 0, 0, 16, 1 ], "texture": "#texture" }
    }
},
{
    "from": [ 6, 6.5, 6 ],
    "to": [ 10, 15, 10 ],
    "faces": {
        "down":  { "uv": [ 9, 9, 7, 7 ], "rotation": 180, "texture": "#texture" },
        "up":    { "uv": [ 7, 7, 9, 9 ], "rotation": 180, "texture": "#texture" },
        "north": { "uv": [ 0, 0, 1, 16 ], "texture": "#texture" },
        "south": { "uv": [ 0, 0, 1, 16 ], "texture": "#texture" },
        "west":  { "uv": [ 0, 0, 1, 16 ], "texture": "#texture" },
        "east":  { "uv": [ 0, 0, 1, 16 ], "texture": "#texture" }
    }
},
{
    "from": [ 5.75, 8, 8 ],
    "to": [ 6.125, 15, 8.3125 ],
    "faces": {
        "down":  { "uv": [ 7, 8, 6.5, 7.5 ], "rotation": 180, "texture": "#brick" },
        "up":    { "uv": [ 9, 7.5, 9.5, 8 ], "rotation": 180, "texture": "#brick" },
        "north": { "uv": [ 9, 1, 9.5, 10.5 ], "texture": "#brick" },
        "south": { "uv": [ 6.5, 1, 7, 10.5 ], "texture": "#brick" },
        "west":  { "uv": [ 8, 1, 8.5, 10.5 ], "texture": "#brick" },
        "east":  { "uv": [ 7.5, 1, 8, 10.5 ], "texture": "#brick" }
    }
},
{
    "from": [ 1, 5, 2 ],
    "to": [ 13, 9.5, 14 ],
    "faces": {
        "down":  { "uv": [ 15, 14, 3, 2 ], "texture": "#texture" },
        "up":    { "uv": [ 1, 2, 13, 14 ], "texture": "#texture" },
        "north": { "uv": [ 3, 6.5, 15, 11 ], "texture": "#texture" },
        "south": { "uv": [ 1, 6.5, 13, 11 ], "texture": "#texture" },
        "west":  { "uv": [ 2, 6.5, 14, 11 ], "texture": "#texture" },
        "east":  { "uv": [ 2, 6.5, 14, 11 ], "texture": "#texture" }
    }
},
{
    "from": [ 0, 5.5, 10 ],
    "to": [ 1, 6, 12 ],
    "faces": {
        "down":  { "uv": [ 16, 12, 15, 10 ], "texture": "#brick" },
        "up":    { "uv": [ 0, 10, 1, 12 ], "texture": "#brick" },
        "north": { "uv": [ 15, 10, 16, 10.5 ], "texture": "#brick" },
        "south": { "uv": [ 0, 10, 1, 10.5 ], "texture": "#brick" },
        "west":  { "uv": [ 10, 10, 12, 10.5 ], "texture": "#brick" },
        "east":  { "uv": [ 4, 10, 6, 10.5 ], "texture": "#brick" }
    }
},
{
    "from": [ 0, 8, 10 ],
    "to": [ 1, 8.5, 12 ],
    "faces": {
        "down":  { "uv": [ 16, 12, 15, 10 ], "texture": "#brick" },
        "up":    { "uv": [ 0, 10, 1, 12 ], "texture": "#brick" },
        "north": { "uv": [ 15, 7.5, 16, 8 ], "texture": "#brick" },
        "south": { "uv": [ 0, 7.5, 1, 8 ], "texture": "#brick" },
        "west":  { "uv": [ 10, 7.5, 12, 8 ], "texture": "#brick" },
        "east":  { "uv": [ 4, 7.5, 6, 8 ], "texture": "#brick" }
    }
},
{
    "from": [ 0, 6, 12 ],
    "to": [ 1, 8, 12.5 ],
    "faces": {
        "down":  { "uv": [ 16, 12.5, 15, 12 ], "texture": "#brick" },
        "up":    { "uv": [ 0, 12, 1, 12.5 ], "texture": "#brick" },
        "north": { "uv": [ 15, 8, 16, 10 ], "texture": "#brick" },
        "south": { "uv": [ 0, 8, 1, 10 ], "texture": "#brick" },
        "west":  { "uv": [ 12, 8, 12.5, 10 ], "texture": "#brick" },
        "east":  { "uv": [ 3.5, 8, 4, 10 ], "texture": "#brick" }
    }
},
{
    "from": [ 0, 6, 9.5 ],
    "to": [ 1, 8, 10 ],
    "faces": {
        "down":  { "uv": [ 16, 10, 15, 9.5 ], "texture": "#brick" },
        "up":    { "uv": [ 0, 9.5, 1, 10 ], "texture": "#brick" },
        "north": { "uv": [ 15, 8, 16, 10 ], "texture": "#brick" },
        "south": { "uv": [ 0, 8, 1, 10 ], "texture": "#brick" },
        "west":  { "uv": [ 9.5, 8, 10, 10 ], "texture": "#brick" },
        "east":  { "uv": [ 6, 8, 6.5, 10 ], "texture": "#brick" }
    }
},
{
    "from": [ 0.75, 6, 10 ],
    "to": [ 1.75, 8, 12 ],
    "faces": {
        "down":  { "uv": [ 15.25, 12, 14.25, 10 ], "texture": "#portal" },
        "up":    { "uv": [ 0.75, 10, 1.75, 12 ], "texture": "#portal" },
        "north": { "uv": [ 14.25, 8, 15.25, 10 ], "texture": "#portal" },
        "south": { "uv": [ 0.75, 8, 1.75, 10 ], "texture": "#portal" },
        "west":  { "uv": [ 10, 8, 12, 10 ], "texture": "#portal" },
        "east":  { "uv": [ 4, 8, 6, 10 ], "texture": "#portal" }
    }
},
{
    "from": [ 5, 4.5, 5 ],
    "to": [ 11, 5.5, 11 ],
    "faces": {
        "down":  { "uv": [ 13, 13, 4, 4 ], "texture": "#command_block" },
        "up":    { "uv": [ 4, 4, 13, 13 ], "texture": "#command_block" },
        "north": { "uv": [ 4, 4, 13, 5 ], "texture": "#command_block" },
        "south": { "uv": [ 13, 12, 4, 13 ], "texture": "#command_block" },
        "west":  { "uv": [ 4, 12, 13, 13 ], "texture": "#command_block" },
        "east":  { "uv": [ 13, 4, 4, 5 ], "texture": "#command_block" }
    }
},
{
    "from": [ 0.9375, 7, 4 ],
    "to": [ 1.9375, 8, 7 ],
    "faces": {
        "down":  { "uv": [ 16, 8, 15, 5 ], "texture": "#emerald_block" },
        "up":    { "uv": [ 15, 6.5, 16, 9.5 ], "texture": "#emerald_block" },
        "north": { "uv": [ 15, 7.5, 16, 8.5 ], "texture": "#emerald_block" },
        "south": { "uv": [ 6, 15, 7, 16 ], "texture": "#emerald_block" },
        "west":  { "uv": [ 6.5, 15, 9.5, 16 ], "texture": "#emerald_block" },
        "east":  { "uv": [ 6.5, 15, 9.5, 16 ], "texture": "#emerald_block" }
    }
}
],
"display": {
    "head": {
        "rotation": [ 0, 0, 0 ],
        "translation": [ 0, -17, 0 ],
        "scale": [ 2, 2, 2 ]
    },
    "gui": {
        "rotation": [ 0, 90, 0 ],
        "translation": [ 0, 0, 0 ],
        "scale": [ 1, 1, 1 ]
    }
}
}