{
"__comment": "Designed by samasaurus6",
"textures": {
    "particle": "blocks/iron_block",
    "quartz_block_chiseled": "gameband/power",
    "command_block": "blocks/command_block",
    "texture": "blocks/iron_block",
    "brick": "gameband/gamebandbase",
    "hack_done": "gameband/hack_done"
},
"elements": [ 
{
    "from": [ 4, 0, 4 ],
    "to": [ 12, 16, 12 ],
    "faces": {
        "down":  { "uv": [ 12, 12, 4, 4 ], "texture": "#texture" },
        "up":    { "uv": [ 0, 0, 16, 16 ], "texture": "#texture" },
        "north": { "uv": [ 4, 0, 12, 16 ], "texture": "#texture" },
        "south": { "uv": [ 4, 0, 12, 16 ], "texture": "#texture" },
        "west":  { "uv": [ 4, 0, 12, 16 ], "texture": "#texture" },
        "east":  { "uv": [ 4, 0, 12, 16 ], "texture": "#texture" }
    }
},
{
    "from": [ 5, 6, 3.5 ],
    "to": [ 11, 12, 4.5 ],
    "faces": {
        "down":  { "uv": [ 13, 5, 4, 4 ], "texture": "#command_block" },
        "up":    { "uv": [ 4, 4, 13, 5 ], "texture": "#command_block" },
        "north": { "uv": [ 4, 4, 13, 13 ], "texture": "#command_block" },
        "south": { "uv": [ 4, 4, 13, 13 ], "texture": "#command_block" },
        "west":  { "uv": [ 12, 4, 13, 13 ], "texture": "#command_block" },
        "east":  { "uv": [ 4, 4, 5, 13 ], "texture": "#command_block" }
    }
},
{
    "from": [ 5, 16, 5 ],
    "to": [ 11, 16.5, 11 ],
    "faces": {
        "down":  { "uv": [ 15.5, 16, 0, 0 ], "texture": "#quartz_block_chiseled" },
        "up":    { "uv": [ 0, 0, 16, 16 ], "texture": "#quartz_block_chiseled" },
        "north": { "uv": [ 5, 0, 10, 3 ], "texture": "#quartz_block_chiseled" },
        "south": { "uv": [ 5, 0, 10, 3 ], "texture": "#quartz_block_chiseled" },
        "west":  { "uv": [ 5, 0, 10, 3 ], "texture": "#quartz_block_chiseled" },
        "east":  { "uv": [ 5, 0, 10, 3 ], "texture": "#quartz_block_chiseled" }
    }
},
{
    "from": [ 10, 16, 3.5 ],
    "to": [ 10.5, 16.5, 5 ],
    "faces": {
        "down":  { "uv": [ 6, 5, 5.5, 3.5 ], "texture": "#brick" },
        "up":    { "uv": [ 10, 3.5, 10.5, 5 ], "texture": "#brick" },
        "north": { "uv": [ 5.5, 0, 6, 0 ], "texture": "#brick" },
        "south": { "uv": [ 10, 0, 10.5, 0 ], "texture": "#brick" },
        "west":  { "uv": [ 3.5, 0, 5, 0 ], "texture": "#brick" },
        "east":  { "uv": [ 11, 0, 12.5, 0 ], "texture": "#brick" }
    }
},
{
    "from": [ 10, 12, 3.5 ],
    "to": [ 10.5, 16, 4 ],
    "faces": {
        "down":  { "uv": [ 6, 4, 5.5, 3.5 ], "texture": "#brick" },
        "up":    { "uv": [ 10, 3.5, 10.5, 4 ], "texture": "#brick" },
        "north": { "uv": [ 5.5, 0, 6, 4 ], "texture": "#brick" },
        "south": { "uv": [ 10, 0, 10.5, 4 ], "texture": "#brick" },
        "west":  { "uv": [ 3.5, 0, 4, 4 ], "texture": "#brick" },
        "east":  { "uv": [ 12, 0, 12.5, 4 ], "texture": "#brick" }
    }
},
{
    "from": [ 2, 0, 2 ],
    "to": [ 14, 3, 14 ],
    "faces": {
        "down":  { "uv": [ 16, 16, 0, 0 ], "texture": "#texture" },
        "up":    { "uv": [ 0, 0, 16, 16 ], "texture": "#texture" },
        "north": { "uv": [ 0, 12, 16, 15 ], "texture": "#texture" },
        "south": { "uv": [ 0, 12, 16, 15 ], "texture": "#texture" },
        "west":  { "uv": [ 0, 12, 16, 15 ], "texture": "#texture" },
        "east":  { "uv": [ 0, 12, 16, 15 ], "texture": "#texture" }
    }
},
{
    "from": [ 5.5, 13, 3.9375 ],
    "to": [ 8.5, 14, 4.4375 ],
    "faces": {
        "down":  { "uv": [ 10.5, 4.4375, 7.5, 3.9375 ], "texture": "#hack_done" },
        "up":    { "uv": [ 5.5, 3.9375, 8.5, 4.4375 ], "texture": "#hack_done" },
        "north": { "uv": [ 10, 5, 13, 6 ], "texture": "#hack_done" },
        "south": { "uv": [ 10, 5, 13, 6 ], "texture": "#hack_done" },
        "west":  { "uv": [ 3.9375, 2, 4.4375, 3 ], "texture": "#hack_done" },
        "east":  { "uv": [ 11.5625, 2, 12.0625, 3 ], "texture": "#hack_done" }
    }
}
]
}