{
"__comment": "Designed by samasaurus6",
"textures": {
    "particle": "blocks/command_block6",
    "texture": "blocks/command_block6",
    "anvil_base": "blocks/anvil_base_animated",
    "redstone_block": "blocks/redstone_block_animated",
    "quartz_block_bottom": "blocks/quartz_block_bottom",
    "numpad": "gameband/numpad"
},
"elements": [ 
{
    "from": [ 0, 0, 0 ],
    "to": [ 16, 16, 16 ],
    "faces": {
        "down":  { "uv": [ 16, 16, 0, 0 ], "texture": "#texture" },
        "up":    { "uv": [ 0, 0, 16, 16 ], "texture": "#texture" },
        "north": { "uv": [ 0, 0, 16, 16 ], "texture": "#texture" },
        "south": { "uv": [ 0, 0, 16, 16 ], "texture": "#texture" },
        "west":  { "uv": [ 0, 0, 16, 16 ], "texture": "#texture" },
        "east":  { "uv": [ 0, 0, 16, 16 ], "texture": "#texture" }
    }
},
{
    "from": [ 4, 2, -1 ],
    "to": [ 12, 14, 0 ],
    "faces": {
        "down":  { "uv": [ 8, 0, 0, 1 ], "texture": "#anvil_base" },
        "up":    { "uv": [ 0, 0, 8, 1 ], "texture": "#anvil_base" },
        "north": { "uv": [ 2, 2, 11, 14 ], "texture": "#anvil_base" },
        "south": { "uv": [ 6, 2, 15, 14 ], "texture": "#anvil_base" },
        "west":  { "uv": [ 0, 2, 1, 14 ], "texture": "#anvil_base" },
        "east":  { "uv": [ 0, 2, 1, 14 ], "texture": "#anvil_base" }
    }
},
{
    "from": [ 5, 11, -1.0625 ],
    "to": [ 11, 13, -1 ],
    "faces": {
        "north": { "uv": [ 5, 3, 11, 5 ], "texture": "#redstone_block" },
        "south": { "uv": [ 5, 3, 11, 5 ], "texture": "#redstone_block" }
    }
},
{
    "from": [ 7.5, 9, -1.5 ],
    "to": [ 8.5, 10, -0.5 ],
    "faces": {
        "down":  { "uv": [ 8.5, 0, 7.5, 0 ], "texture": "#quartz_block_bottom" },
        "up":    { "uv": [ 7.5, 0, 8.5, 0 ], "texture": "#quartz_block_bottom" },
        "north": { "uv": [ 5, 0.5, 8.5, 4 ], "texture": "#numpad" },
        "south": { "uv": [ 7.5, 6, 8.5, 7 ], "texture": "#quartz_block_bottom" },
        "west":  { "uv": [ 0, 6, 0, 7 ], "texture": "#quartz_block_bottom" },
        "east":  { "uv": [ 16, 6, 16, 7 ], "texture": "#quartz_block_bottom" }
    }
},
{
    "from": [ 9.5, 9, -1.5 ],
    "to": [ 10.5, 10, -0.5 ],
    "faces": {
        "down":  { "uv": [ 6.5, 0, 5.5, 0 ], "texture": "#quartz_block_bottom" },
        "up":    { "uv": [ 9.5, 0, 10.5, 0 ], "texture": "#quartz_block_bottom" },
        "north": { "uv": [ 0.5, 0.5, 4, 4 ], "texture": "#numpad" },
        "south": { "uv": [ 9.5, 6, 10.5, 7 ], "texture": "#quartz_block_bottom" },
        "west":  { "uv": [ 0, 6, 0, 7 ], "texture": "#quartz_block_bottom" },
        "east":  { "uv": [ 16, 6, 16, 7 ], "texture": "#quartz_block_bottom" }
    }
},
{
    "from": [ 5.5, 9, -1.5 ],
    "to": [ 6.5, 10, -0.5 ],
    "faces": {
        "down":  { "uv": [ 10.5, 0, 9.5, 0 ], "texture": "#quartz_block_bottom" },
        "up":    { "uv": [ 5.5, 0, 6.5, 0 ], "texture": "#quartz_block_bottom" },
        "north": { "uv": [ 9.5, 0.5, 13, 4 ], "texture": "#numpad" },
        "south": { "uv": [ 5.5, 6, 6.5, 7 ], "texture": "#quartz_block_bottom" },
        "west":  { "uv": [ 0, 6, 0, 7 ], "texture": "#quartz_block_bottom" },
        "east":  { "uv": [ 16, 6, 16, 7 ], "texture": "#quartz_block_bottom" }
    }
},
{
    "from": [ 5.5, 7, -1.5 ],
    "to": [ 6.5, 8, -0.5 ],
    "faces": {
        "down":  { "uv": [ 10.5, 0, 9.5, 0 ], "texture": "#quartz_block_bottom" },
        "up":    { "uv": [ 5.5, 0, 6.5, 0 ], "texture": "#quartz_block_bottom" },
        "north": { "uv": [ 9.5, 5, 13, 8.5 ], "texture": "#numpad" },
        "south": { "uv": [ 5.5, 8, 6.5, 9 ], "texture": "#quartz_block_bottom" },
        "west":  { "uv": [ 0, 8, 0, 9 ], "texture": "#quartz_block_bottom" },
        "east":  { "uv": [ 16, 8, 16, 9 ], "texture": "#quartz_block_bottom" }
    }
},
{
    "from": [ 7.5, 7, -1.5 ],
    "to": [ 8.5, 8, -0.5 ],
    "faces": {
        "down":  { "uv": [ 8.5, 0, 7.5, 0 ], "texture": "#quartz_block_bottom" },
        "up":    { "uv": [ 7.5, 0, 8.5, 0 ], "texture": "#quartz_block_bottom" },
        "north": { "uv": [ 5, 5, 8.5, 8.5 ], "texture": "#numpad" },
        "south": { "uv": [ 7.5, 8, 8.5, 9 ], "texture": "#quartz_block_bottom" },
        "west":  { "uv": [ 0, 8, 0, 9 ], "texture": "#quartz_block_bottom" },
        "east":  { "uv": [ 16, 8, 16, 9 ], "texture": "#quartz_block_bottom" }
    }
},
{
    "from": [ 9.5, 7, -1.5 ],
    "to": [ 10.5, 8, -0.5 ],
    "faces": {
        "down":  { "uv": [ 6.5, 0, 5.5, 0 ], "texture": "#quartz_block_bottom" },
        "up":    { "uv": [ 9.5, 0, 10.5, 0 ], "texture": "#quartz_block_bottom" },
        "north": { "uv": [ 0.5, 5, 4, 8.5 ], "texture": "#numpad" },
        "south": { "uv": [ 9.5, 8, 10.5, 9 ], "texture": "#quartz_block_bottom" },
        "west":  { "uv": [ 0, 8, 0, 9 ], "texture": "#quartz_block_bottom" },
        "east":  { "uv": [ 16, 8, 16, 9 ], "texture": "#quartz_block_bottom" }
    }
},
{
    "from": [ 9.5, 5, -1.5 ],
    "to": [ 10.5, 6, -0.5 ],
    "faces": {
        "down":  { "uv": [ 6.5, 0, 5.5, 0 ], "texture": "#quartz_block_bottom" },
        "up":    { "uv": [ 9.5, 0, 10.5, 0 ], "texture": "#quartz_block_bottom" },
        "north": { "uv": [ 0.5, 9.5, 4, 13 ], "texture": "#numpad" },
        "south": { "uv": [ 9.5, 10, 10.5, 11 ], "texture": "#quartz_block_bottom" },
        "west":  { "uv": [ 0, 10, 0, 11 ], "texture": "#quartz_block_bottom" },
        "east":  { "uv": [ 16, 10, 16, 11 ], "texture": "#quartz_block_bottom" }
    }
},
{
    "from": [ 7.5, 5, -1.5 ],
    "to": [ 8.5, 6, -0.5 ],
    "faces": {
        "down":  { "uv": [ 8.5, 0, 7.5, 0 ], "texture": "#quartz_block_bottom" },
        "up":    { "uv": [ 7.5, 0, 8.5, 0 ], "texture": "#quartz_block_bottom" },
        "north": { "uv": [ 5, 9.5, 8.5, 13 ], "texture": "#numpad" },
        "south": { "uv": [ 7.5, 10, 8.5, 11 ], "texture": "#quartz_block_bottom" },
        "west":  { "uv": [ 0, 10, 0, 11 ], "texture": "#quartz_block_bottom" },
        "east":  { "uv": [ 16, 10, 16, 11 ], "texture": "#quartz_block_bottom" }
    }
},
{
    "from": [ 5.5, 5, -1.5 ],
    "to": [ 6.5, 6, -0.5 ],
    "faces": {
        "down":  { "uv": [ 10.5, 0, 9.5, 0 ], "texture": "#quartz_block_bottom" },
        "up":    { "uv": [ 5.5, 0, 6.5, 0 ], "texture": "#quartz_block_bottom" },
        "north": { "uv": [ 9.5, 9.5, 13, 13 ], "texture": "#numpad" },
        "south": { "uv": [ 5.5, 10, 6.5, 11 ], "texture": "#quartz_block_bottom" },
        "west":  { "uv": [ 0, 10, 0, 11 ], "texture": "#quartz_block_bottom" },
        "east":  { "uv": [ 16, 10, 16, 11 ], "texture": "#quartz_block_bottom" }
    }
},
{
    "from": [ 9.5, 3, -1.5 ],
    "to": [ 10.5, 4, -0.5 ],
    "faces": {
        "down":  { "uv": [ 6.5, 0, 5.5, 0 ], "texture": "#quartz_block_bottom" },
        "up":    { "uv": [ 9.5, 0, 10.5, 0 ], "texture": "#quartz_block_bottom" },
        "north": { "uv": [ 4, 13, 6.5, 15.5 ], "texture": "#numpad" },
        "south": { "uv": [ 9.5, 12, 10.5, 13 ], "texture": "#quartz_block_bottom" },
        "west":  { "uv": [ 0, 12, 0, 13 ], "texture": "#quartz_block_bottom" },
        "east":  { "uv": [ 16, 12, 16, 13 ], "texture": "#quartz_block_bottom" }
    }
},
{
    "from": [ 5.5, 3, -1.5 ],
    "to": [ 8.5, 4, -0.5 ],
    "faces": {
        "down":  { "uv": [ 10.5, 0, 7.5, 0 ], "texture": "#quartz_block_bottom" },
        "up":    { "uv": [ 5.5, 0, 8.5, 0 ], "texture": "#quartz_block_bottom" },
        "north": { "uv": [ 8.5, 13, 16, 15.5 ], "texture": "#numpad" },
        "south": { "uv": [ 5.5, 12, 8.5, 13 ], "texture": "#quartz_block_bottom" },
        "west":  { "uv": [ 0, 12, 0, 13 ], "texture": "#quartz_block_bottom" },
        "east":  { "uv": [ 16, 12, 16, 13 ], "texture": "#quartz_block_bottom" }
    }
}
]
}