{
"__comment": "Designed by samasaurus6",
"textures": {
    "texture": "blocks/iron_block",
    "brick": "blocks/anvil_base",
    "command_block": "blocks/command_block",
    "prismarine_bricks": "gameband/sonar"
},
"elements": [ 
{
    "from": [ 4, 15, 4 ],
    "to": [ 12, 16, 12 ],
    "faces": {
        "down":  { "uv": [ 16, 16, 0, 0 ], "rotation": 180, "texture": "#texture" },
        "up":    { "uv": [ 0, 0, 16, 16 ], "rotation": 180, "texture": "#texture" },
        "north": { "uv": [ 0, 0, 16, 1 ], "texture": "#texture" },
        "south": { "uv": [ 0, 0, 16, 1 ], "texture": "#texture" },
        "west":  { "uv": [ 0, 0, 16, 1 ], "texture": "#texture" },
        "east":  { "uv": [ 0, 0, 16, 1 ], "texture": "#texture" }
    }
},
{
    "from": [ 7, 9.5, 7 ],
    "to": [ 9, 15, 9 ],
    "faces": {
        "down":  { "uv": [ 9, 9, 7, 7 ], "rotation": 180, "texture": "#texture" },
        "up":    { "uv": [ 7, 7, 9, 9 ], "rotation": 180, "texture": "#texture" },
        "north": { "uv": [ 0, 0, 1, 16 ], "texture": "#texture" },
        "south": { "uv": [ 0, 0, 1, 16 ], "texture": "#texture" },
        "west":  { "uv": [ 0, 0, 1, 16 ], "texture": "#texture" },
        "east":  { "uv": [ 0, 0, 1, 16 ], "texture": "#texture" }
    }
},
{
    "from": [ 6.6875, 9.5, 8 ],
    "to": [ 7.0625, 15, 8.5 ],
    "faces": {
        "down":  { "uv": [ 7, 8, 6.5, 7.5 ], "rotation": 180, "texture": "#brick" },
        "up":    { "uv": [ 9, 7.5, 9.5, 8 ], "rotation": 180, "texture": "#brick" },
        "north": { "uv": [ 9, 1, 9.5, 10.5 ], "texture": "#brick" },
        "south": { "uv": [ 6.5, 1, 7, 10.5 ], "texture": "#brick" },
        "west":  { "uv": [ 8, 1, 8.5, 10.5 ], "texture": "#brick" },
        "east":  { "uv": [ 7.5, 1, 8, 10.5 ], "texture": "#brick" }
    }
},
{
    "from": [ 6.5, 9, 6.5 ],
    "to": [ 9.5, 10, 9.5 ],
    "faces": {
        "down":  { "uv": [ 9.5, 9.5, 6.5, 6.5 ], "texture": "#texture" },
        "up":    { "uv": [ 6.5, 6.5, 9.5, 9.5 ], "texture": "#texture" },
        "north": { "uv": [ 6.5, 6, 9.5, 7 ], "texture": "#texture" },
        "south": { "uv": [ 6.5, 6, 9.5, 7 ], "texture": "#texture" },
        "west":  { "uv": [ 6.5, 6, 9.5, 7 ], "texture": "#texture" },
        "east":  { "uv": [ 6.5, 6, 9.5, 7 ], "texture": "#texture" }
    }
},
{
    "from": [ 6, 6, 6 ],
    "to": [ 10, 9, 10 ],
    "faces": {
        "down":  { "uv": [ 10, 10, 6, 6 ], "texture": "#prismarine_bricks" },
        "up":    { "uv": [ 6, 6, 10, 10 ], "texture": "#prismarine_bricks" },
        "north": { "uv": [ 6, 7, 10, 10 ], "texture": "#prismarine_bricks" },
        "south": { "uv": [ 6, 7, 10, 10 ], "texture": "#prismarine_bricks" },
        "west":  { "uv": [ 6, 7, 10, 10 ], "texture": "#prismarine_bricks" },
        "east":  { "uv": [ 6, 7, 10, 10 ], "texture": "#prismarine_bricks" }
    }
},
{
    "from": [ 10, 6.5, 6 ],
    "to": [ 11, 8.5, 10 ],
    "faces": {
        "down":  { "uv": [ 6, 10, 5, 6 ], "texture": "#prismarine_bricks" },
        "up":    { "uv": [ 10, 6, 11, 10 ], "texture": "#prismarine_bricks" },
        "north": { "uv": [ 5, 7.5, 6, 9.5 ], "texture": "#prismarine_bricks" },
        "south": { "uv": [ 10, 7.5, 11, 9.5 ], "texture": "#prismarine_bricks" },
        "west":  { "uv": [ 6, 7.5, 10, 9.5 ], "texture": "#prismarine_bricks" },
        "east":  { "uv": [ 6, 7.5, 10, 9.5 ], "texture": "#prismarine_bricks" }
    }
},
{
    "from": [ 5, 6.5, 6 ],
    "to": [ 6, 8.5, 10 ],
    "faces": {
        "down":  { "uv": [ 11, 10, 10, 6 ], "texture": "#prismarine_bricks" },
        "up":    { "uv": [ 5, 6, 6, 10 ], "texture": "#prismarine_bricks" },
        "north": { "uv": [ 10, 7.5, 11, 9.5 ], "texture": "#prismarine_bricks" },
        "south": { "uv": [ 5, 7.5, 6, 9.5 ], "texture": "#prismarine_bricks" },
        "west":  { "uv": [ 6, 7.5, 10, 9.5 ], "texture": "#prismarine_bricks" },
        "east":  { "uv": [ 6, 7.5, 10, 9.5 ], "texture": "#prismarine_bricks" }
    }
},
{
    "from": [ 6, 6.5, 5 ],
    "to": [ 10, 8.5, 6 ],
    "faces": {
        "down":  { "uv": [ 10, 6, 6, 5 ], "texture": "#prismarine_bricks" },
        "up":    { "uv": [ 6, 5, 10, 6 ], "texture": "#prismarine_bricks" },
        "north": { "uv": [ 6, 7.5, 10, 9.5 ], "texture": "#prismarine_bricks" },
        "south": { "uv": [ 6, 7.5, 10, 9.5 ], "texture": "#prismarine_bricks" },
        "west":  { "uv": [ 5, 7.5, 6, 9.5 ], "texture": "#prismarine_bricks" },
        "east":  { "uv": [ 10, 7.5, 11, 9.5 ], "texture": "#prismarine_bricks" }
    }
},
{
    "from": [ 6, 7.1875, 4.5 ],
    "to": [ 10, 7.6875, 5 ],
    "faces": {
        "down":  { "uv": [ 10, 5, 6, 4.5 ], "texture": "#texture" },
        "up":    { "uv": [ 6, 4.5, 10, 5 ], "texture": "#texture" },
        "north": { "uv": [ 6, 8.3125, 10, 8.8125 ], "texture": "#texture" },
        "south": { "uv": [ 6, 8.3125, 10, 8.8125 ], "texture": "#texture" },
        "west":  { "uv": [ 4.5, 8.3125, 5, 8.8125 ], "texture": "#texture" },
        "east":  { "uv": [ 11, 8.3125, 11.5, 8.8125 ], "texture": "#texture" }
    }
},
{
    "from": [ 4.5, 7.1875, 6 ],
    "to": [ 5, 7.6875, 10 ],
    "faces": {
        "down":  { "uv": [ 11.5, 10, 11, 6 ], "texture": "#texture" },
        "up":    { "uv": [ 4.5, 6, 5, 10 ], "texture": "#texture" },
        "north": { "uv": [ 11, 8.3125, 11.5, 8.8125 ], "texture": "#texture" },
        "south": { "uv": [ 4.5, 8.3125, 5, 8.8125 ], "texture": "#texture" },
        "west":  { "uv": [ 6, 8.3125, 10, 8.8125 ], "texture": "#texture" },
        "east":  { "uv": [ 6, 8.3125, 10, 8.8125 ], "texture": "#texture" }
    }
},
{
    "from": [ 11, 7.1875, 6 ],
    "to": [ 11.5, 7.6875, 10 ],
    "faces": {
        "down":  { "uv": [ 5, 10, 4.5, 6 ], "texture": "#texture" },
        "up":    { "uv": [ 11, 6, 11.5, 10 ], "texture": "#texture" },
        "north": { "uv": [ 4.5, 8.3125, 5, 8.8125 ], "texture": "#texture" },
        "south": { "uv": [ 11, 8.3125, 11.5, 8.8125 ], "texture": "#texture" },
        "west":  { "uv": [ 6, 8.3125, 10, 8.8125 ], "texture": "#texture" },
        "east":  { "uv": [ 6, 8.3125, 10, 8.8125 ], "texture": "#texture" }
    }
},
{
    "from": [ 5, 7.1875, 5.5 ],
    "to": [ 6, 7.6875, 6 ],
    "faces": {
        "down":  { "uv": [ 11, 6, 10, 5.5 ], "texture": "#texture" },
        "up":    { "uv": [ 5, 5.5, 6, 6 ], "texture": "#texture" },
        "north": { "uv": [ 10, 8.3125, 11, 8.8125 ], "texture": "#texture" },
        "south": { "uv": [ 5, 8.3125, 6, 8.8125 ], "texture": "#texture" },
        "west":  { "uv": [ 5.5, 8.3125, 6, 8.8125 ], "texture": "#texture" },
        "east":  { "uv": [ 10, 8.3125, 10.5, 8.8125 ], "texture": "#texture" }
    }
},
{
    "from": [ 10, 7.1875, 5.5 ],
    "to": [ 11, 7.6875, 6 ],
    "faces": {
        "down":  { "uv": [ 6, 6, 5, 5.5 ], "texture": "#texture" },
        "up":    { "uv": [ 10, 5.5, 11, 6 ], "texture": "#texture" },
        "north": { "uv": [ 5, 8.3125, 6, 8.8125 ], "texture": "#texture" },
        "south": { "uv": [ 10, 8.3125, 11, 8.8125 ], "texture": "#texture" },
        "west":  { "uv": [ 5.5, 8.3125, 6, 8.8125 ], "texture": "#texture" },
        "east":  { "uv": [ 10, 8.3125, 10.5, 8.8125 ], "texture": "#texture" }
    }
},
{
    "from": [ 5.5, 7.1875, 10.5 ],
    "to": [ 6, 7.6875, 11 ],
    "faces": {
        "down":  { "uv": [ 10.5, 11, 10, 10.5 ], "texture": "#texture" },
        "up":    { "uv": [ 5.5, 10.5, 6, 11 ], "texture": "#texture" },
        "north": { "uv": [ 10, 8.3125, 10.5, 8.8125 ], "texture": "#texture" },
        "south": { "uv": [ 5.5, 8.3125, 6, 8.8125 ], "texture": "#texture" },
        "west":  { "uv": [ 10.5, 8.3125, 11, 8.8125 ], "texture": "#texture" },
        "east":  { "uv": [ 5, 8.3125, 5.5, 8.8125 ], "texture": "#texture" }
    }
},
{
    "from": [ 10, 7.1875, 5 ],
    "to": [ 10.5, 7.6875, 5.5 ],
    "faces": {
        "down":  { "uv": [ 6, 5.5, 5.5, 5 ], "texture": "#texture" },
        "up":    { "uv": [ 10, 5, 10.5, 5.5 ], "texture": "#texture" },
        "north": { "uv": [ 5.5, 8.3125, 6, 8.8125 ], "texture": "#texture" },
        "south": { "uv": [ 10, 8.3125, 10.5, 8.8125 ], "texture": "#texture" },
        "west":  { "uv": [ 5, 8.3125, 5.5, 8.8125 ], "texture": "#texture" },
        "east":  { "uv": [ 10.5, 8.3125, 11, 8.8125 ], "texture": "#texture" }
    }
},
{
    "from": [ 6, 6.5, 10 ],
    "to": [ 10, 8.5, 11 ],
    "faces": {
        "down":  { "uv": [ 10, 11, 6, 10 ], "texture": "#prismarine_bricks" },
        "up":    { "uv": [ 6, 10, 10, 11 ], "texture": "#prismarine_bricks" },
        "north": { "uv": [ 6, 7.5, 10, 9.5 ], "texture": "#prismarine_bricks" },
        "south": { "uv": [ 6, 7.5, 10, 9.5 ], "texture": "#prismarine_bricks" },
        "west":  { "uv": [ 10, 7.5, 11, 9.5 ], "texture": "#prismarine_bricks" },
        "east":  { "uv": [ 5, 7.5, 6, 9.5 ], "texture": "#prismarine_bricks" }
    }
},
{
    "from": [ 6, 7.1875, 11 ],
    "to": [ 10, 7.6875, 11.5 ],
    "faces": {
        "down":  { "uv": [ 10, 11.5, 6, 11 ], "texture": "#texture" },
        "up":    { "uv": [ 6, 11, 10, 11.5 ], "texture": "#texture" },
        "north": { "uv": [ 6, 8.3125, 10, 8.8125 ], "texture": "#texture" },
        "south": { "uv": [ 6, 8.3125, 10, 8.8125 ], "texture": "#texture" },
        "west":  { "uv": [ 11, 8.3125, 11.5, 8.8125 ], "texture": "#texture" },
        "east":  { "uv": [ 4.5, 8.3125, 5, 8.8125 ], "texture": "#texture" }
    }
},
{
    "from": [ 5, 7.1875, 10 ],
    "to": [ 6, 7.6875, 10.5 ],
    "faces": {
        "down":  { "uv": [ 11, 10.5, 10, 10 ], "texture": "#texture" },
        "up":    { "uv": [ 5, 10, 6, 10.5 ], "texture": "#texture" },
        "north": { "uv": [ 10, 8.3125, 11, 8.8125 ], "texture": "#texture" },
        "south": { "uv": [ 5, 8.3125, 6, 8.8125 ], "texture": "#texture" },
        "west":  { "uv": [ 10, 8.3125, 10.5, 8.8125 ], "texture": "#texture" },
        "east":  { "uv": [ 5.5, 8.3125, 6, 8.8125 ], "texture": "#texture" }
    }
},
{
    "from": [ 5.5, 7.1875, 5 ],
    "to": [ 6, 7.6875, 5.5 ],
    "faces": {
        "down":  { "uv": [ 10.5, 5.5, 10, 5 ], "texture": "#texture" },
        "up":    { "uv": [ 5.5, 5, 6, 5.5 ], "texture": "#texture" },
        "north": { "uv": [ 10, 8.3125, 10.5, 8.8125 ], "texture": "#texture" },
        "south": { "uv": [ 5.5, 8.3125, 6, 8.8125 ], "texture": "#texture" },
        "west":  { "uv": [ 5, 8.3125, 5.5, 8.8125 ], "texture": "#texture" },
        "east":  { "uv": [ 10.5, 8.3125, 11, 8.8125 ], "texture": "#texture" }
    }
},
{
    "from": [ 10, 7.1875, 10 ],
    "to": [ 11, 7.6875, 10.5 ],
    "faces": {
        "down":  { "uv": [ 6, 10.5, 5, 10 ], "texture": "#texture" },
        "up":    { "uv": [ 10, 10, 11, 10.5 ], "texture": "#texture" },
        "north": { "uv": [ 5, 8.3125, 6, 8.8125 ], "texture": "#texture" },
        "south": { "uv": [ 10, 8.3125, 11, 8.8125 ], "texture": "#texture" },
        "west":  { "uv": [ 10, 8.3125, 10.5, 8.8125 ], "texture": "#texture" },
        "east":  { "uv": [ 5.5, 8.3125, 6, 8.8125 ], "texture": "#texture" }
    }
},
{
    "from": [ 10, 7.1875, 10.5 ],
    "to": [ 10.5, 7.6875, 11 ],
    "faces": {
        "down":  { "uv": [ 6, 11, 5.5, 10.5 ], "texture": "#texture" },
        "up":    { "uv": [ 10, 10.5, 10.5, 11 ], "texture": "#texture" },
        "north": { "uv": [ 5.5, 8.3125, 6, 8.8125 ], "texture": "#texture" },
        "south": { "uv": [ 10, 8.3125, 10.5, 8.8125 ], "texture": "#texture" },
        "west":  { "uv": [ 10.5, 8.3125, 11, 8.8125 ], "texture": "#texture" },
        "east":  { "uv": [ 5, 8.3125, 5.5, 8.8125 ], "texture": "#texture" }
    }
}
],
"display": {
    "head": {
        "rotation": [ 0, 0, 0 ],
        "translation": [ 0, -17, 0 ],
        "scale": [ 2, 2, 2 ]
    },
    "gui": {
        "rotation": [ 0, 90, 0 ],
        "translation": [ 0, 0, 0 ],
        "scale": [ 1, 1, 1 ]
    }
}
}