{
"__comment": "Designed by samasaurus6",
"textures": {
    "particle": "blocks/quartz_block_lines_top",
    "texture": "blocks/quartz_block_lines",
    "command_block": "blocks/command_block",
    "anvil_base": "gameband/gamebandbase",
    "power": "gameband/power2",
    "gamebandbase": "gameband/hack_done"
},
"elements": [ 
{
    "from": [ 5, 1.5, 5 ],
    "to": [ 11, 15, 11 ],
    "faces": {
        "down":  { "uv": [ 11, 11, 5, 5 ], "texture": "#texture" },
        "up":    { "uv": [ 5, 5, 11, 11 ], "texture": "#texture" },
        "north": { "uv": [ 5, 1, 11, 14.5 ], "texture": "#texture" },
        "south": { "uv": [ 5, 1, 11, 14.5 ], "texture": "#texture" },
        "west":  { "uv": [ 5, 1, 11, 14.5 ], "texture": "#texture" },
        "east":  { "uv": [ 5, 1, 11, 14.5 ], "texture": "#texture" }
    }
},
{
    "from": [ 2, 0, 2 ],
    "to": [ 14, 2, 14 ],
    "faces": {
        "down":  { "uv": [ 14, 14, 2, 2 ], "texture": "#texture" },
        "up":    { "uv": [ 2, 2, 14, 14 ], "texture": "#texture" },
        "north": { "uv": [ 2, 14, 14, 16 ], "texture": "#texture" },
        "south": { "uv": [ 2, 14, 14, 16 ], "texture": "#texture" },
        "west":  { "uv": [ 2, 14, 14, 16 ], "texture": "#texture" },
        "east":  { "uv": [ 2, 14, 14, 16 ], "texture": "#texture" }
    }
},
{
    "from": [ 3, 15, 3 ],
    "to": [ 13, 16, 13 ],
    "faces": {
        "down":  { "uv": [ 13, 13, 3, 3 ], "texture": "#texture" },
        "up":    { "uv": [ 0, 0, 16, 16 ], "texture": "#particle" },
        "north": { "uv": [ 3, 0, 13, 1 ], "texture": "#texture" },
        "south": { "uv": [ 3, 0, 13, 1 ], "texture": "#texture" },
        "west":  { "uv": [ 3, 0, 13, 1 ], "texture": "#texture" },
        "east":  { "uv": [ 3, 0, 13, 1 ], "texture": "#texture" }
    }
},
{
    "from": [ 4, 14, 4 ],
    "to": [ 12, 15, 12 ],
    "faces": {
        "down":  { "uv": [ 12, 12, 4, 4 ], "texture": "#texture" },
        "up":    { "uv": [ 4, 4, 12, 12 ], "texture": "#texture" },
        "north": { "uv": [ 4, 1, 12, 2 ], "texture": "#texture" },
        "south": { "uv": [ 4, 1, 12, 2 ], "texture": "#texture" },
        "west":  { "uv": [ 4, 1, 12, 2 ], "texture": "#texture" },
        "east":  { "uv": [ 4, 1, 12, 2 ], "texture": "#texture" }
    }
},
{
    "from": [ 3, 2, 3 ],
    "to": [ 13, 3, 13 ],
    "faces": {
        "down":  { "uv": [ 13, 13, 3, 3 ], "texture": "#texture" },
        "up":    { "uv": [ 3, 3, 13, 13 ], "texture": "#texture" },
        "north": { "uv": [ 3, 13, 13, 14 ], "texture": "#texture" },
        "south": { "uv": [ 3, 13, 13, 14 ], "texture": "#texture" },
        "west":  { "uv": [ 3, 13, 13, 14 ], "texture": "#texture" },
        "east":  { "uv": [ 3, 13, 13, 14 ], "texture": "#texture" }
    }
},
{
    "from": [ 4, 3, 4 ],
    "to": [ 12, 4, 12 ],
    "faces": {
        "down":  { "uv": [ 12, 12, 4, 4 ], "texture": "#texture" },
        "up":    { "uv": [ 4, 4, 12, 12 ], "texture": "#texture" },
        "north": { "uv": [ 4, 12, 12, 13 ], "texture": "#texture" },
        "south": { "uv": [ 4, 12, 12, 13 ], "texture": "#texture" },
        "west":  { "uv": [ 4, 12, 12, 13 ], "texture": "#texture" },
        "east":  { "uv": [ 4, 12, 12, 13 ], "texture": "#texture" }
    }
},
{
    "from": [ 6, 7, 4.5 ],
    "to": [ 10, 11, 5.5 ],
    "faces": {
        "down":  { "uv": [ 13, 13, 4, 12 ], "texture": "#command_block" },
        "up":    { "uv": [ 4, 4, 13, 5 ], "texture": "#command_block" },
        "north": { "uv": [ 4, 4, 13, 13 ], "texture": "#command_block" },
        "south": { "uv": [ 4, 4, 13, 13 ], "texture": "#command_block" },
        "west":  { "uv": [ 12, 4, 13, 13 ], "texture": "#command_block" },
        "east":  { "uv": [ 4, 4, 5, 13 ], "texture": "#command_block" }
    }
},
{
    "from": [ 6, 7, 10.5 ],
    "to": [ 10, 11, 11.5 ],
    "faces": {
        "down":  { "uv": [ 13, 13, 4, 12 ], "texture": "#command_block" },
        "up":    { "uv": [ 4, 4, 13, 5 ], "texture": "#command_block" },
        "north": { "uv": [ 4, 4, 13, 13 ], "texture": "#command_block" },
        "south": { "uv": [ 4, 4, 13, 13 ], "texture": "#command_block" },
        "west":  { "uv": [ 12, 4, 13, 13 ], "texture": "#command_block" },
        "east":  { "uv": [ 4, 4, 5, 13 ], "texture": "#command_block" }
    }
},
{
    "from": [ 6, 7, 6 ],
    "to": [ 10, 11, 9.5 ],
    "faces": {
        "down":  { "uv": [ 13, 13, 4, 12 ], "texture": "#command_block" },
        "up":    { "uv": [ 4, 4, 13, 5 ], "texture": "#command_block" },
        "north": { "uv": [ 4, 4, 13, 13 ], "texture": "#command_block" },
        "south": { "uv": [ 4, 4, 13, 13 ], "texture": "#command_block" },
        "west":  { "uv": [ 12, 4, 13, 13 ], "texture": "#command_block" },
        "east":  { "uv": [ 4, 4, 5, 13 ], "texture": "#command_block" }
    }
},
{
    "from": [ 4.5, 7, 6 ],
    "to": [ 5.5, 11, 10 ],
    "faces": {
        "down":  { "uv": [ 13, 13, 4, 12 ], "rotation": 90, "texture": "#command_block" },
        "up":    { "uv": [ 4, 4, 13, 5 ], "rotation": 90, "texture": "#command_block" },
        "north": { "uv": [ 4, 4, 5, 13 ], "texture": "#command_block" },
        "south": { "uv": [ 12, 4, 13, 13 ], "texture": "#command_block" },
        "west":  { "uv": [ 4, 4, 13, 13 ], "texture": "#command_block" },
        "east":  { "uv": [ 4, 4, 13, 13 ], "texture": "#command_block" }
    }
},
{
    "from": [ 10.5, 7, 6 ],
    "to": [ 11.5, 11, 10 ],
    "faces": {
        "down":  { "uv": [ 13, 13, 4, 12 ], "rotation": 90, "texture": "#command_block" },
        "up":    { "uv": [ 4, 4, 13, 5 ], "rotation": 90, "texture": "#command_block" },
        "north": { "uv": [ 4, 4, 5, 13 ], "texture": "#command_block" },
        "south": { "uv": [ 12, 4, 13, 13 ], "texture": "#command_block" },
        "west":  { "uv": [ 4, 4, 13, 13 ], "texture": "#command_block" },
        "east":  { "uv": [ 4, 4, 13, 13 ], "texture": "#command_block" }
    }
},
{
    "from": [ 4.5, 9, 5 ],
    "to": [ 5, 9.5, 6 ],
    "faces": {
        "down":  { "uv": [ 11.5, 6, 11, 5 ], "texture": "#anvil_base" },
        "up":    { "uv": [ 4.5, 5, 5, 6 ], "texture": "#anvil_base" },
        "north": { "uv": [ 11, 6.5, 11.5, 7 ], "texture": "#anvil_base" },
        "south": { "uv": [ 4.5, 6.5, 5, 7 ], "texture": "#anvil_base" },
        "west":  { "uv": [ 5, 6.5, 6, 7 ], "texture": "#anvil_base" },
        "east":  { "uv": [ 10, 6.5, 11, 7 ], "texture": "#anvil_base" }
    }
},
{
    "from": [ 4.5, 9, 10 ],
    "to": [ 5, 9.5, 11 ],
    "faces": {
        "down":  { "uv": [ 11.5, 11, 11, 10 ], "texture": "#anvil_base" },
        "up":    { "uv": [ 4.5, 10, 5, 11 ], "texture": "#anvil_base" },
        "north": { "uv": [ 11, 6.5, 11.5, 7 ], "texture": "#anvil_base" },
        "south": { "uv": [ 4.5, 6.5, 5, 7 ], "texture": "#anvil_base" },
        "west":  { "uv": [ 10, 6.5, 11, 7 ], "texture": "#anvil_base" },
        "east":  { "uv": [ 5, 6.5, 6, 7 ], "texture": "#anvil_base" }
    }
},
{
    "from": [ 11, 9, 10 ],
    "to": [ 11.5, 9.5, 11 ],
    "faces": {
        "down":  { "uv": [ 5, 11, 4.5, 10 ], "texture": "#anvil_base" },
        "up":    { "uv": [ 11, 10, 11.5, 11 ], "texture": "#anvil_base" },
        "north": { "uv": [ 4.5, 6.5, 5, 7 ], "texture": "#anvil_base" },
        "south": { "uv": [ 11, 6.5, 11.5, 7 ], "texture": "#anvil_base" },
        "west":  { "uv": [ 10, 6.5, 11, 7 ], "texture": "#anvil_base" },
        "east":  { "uv": [ 5, 6.5, 6, 7 ], "texture": "#anvil_base" }
    }
},
{
    "from": [ 11, 9, 5 ],
    "to": [ 11.5, 9.5, 6 ],
    "faces": {
        "down":  { "uv": [ 5, 6, 4.5, 5 ], "texture": "#anvil_base" },
        "up":    { "uv": [ 11, 5, 11.5, 6 ], "texture": "#anvil_base" },
        "north": { "uv": [ 4.5, 6.5, 5, 7 ], "texture": "#anvil_base" },
        "south": { "uv": [ 11, 6.5, 11.5, 7 ], "texture": "#anvil_base" },
        "west":  { "uv": [ 5, 6.5, 6, 7 ], "texture": "#anvil_base" },
        "east":  { "uv": [ 10, 6.5, 11, 7 ], "texture": "#anvil_base" }
    }
},
{
    "from": [ 10, 9, 4.5 ],
    "to": [ 11, 9.5, 5 ],
    "faces": {
        "down":  { "uv": [ 6, 5, 5, 4.5 ], "texture": "#anvil_base" },
        "up":    { "uv": [ 10, 4.5, 11, 5 ], "texture": "#anvil_base" },
        "north": { "uv": [ 5, 6.5, 6, 7 ], "texture": "#anvil_base" },
        "south": { "uv": [ 10, 6.5, 11, 7 ], "texture": "#anvil_base" },
        "west":  { "uv": [ 4.5, 6.5, 5, 7 ], "texture": "#anvil_base" },
        "east":  { "uv": [ 11, 6.5, 11.5, 7 ], "texture": "#anvil_base" }
    }
},
{
    "from": [ 5, 9, 4.5 ],
    "to": [ 6, 9.5, 5 ],
    "faces": {
        "down":  { "uv": [ 11, 5, 10, 4.5 ], "texture": "#anvil_base" },
        "up":    { "uv": [ 5, 4.5, 6, 5 ], "texture": "#anvil_base" },
        "north": { "uv": [ 10, 6.5, 11, 7 ], "texture": "#anvil_base" },
        "south": { "uv": [ 5, 6.5, 6, 7 ], "texture": "#anvil_base" },
        "west":  { "uv": [ 4.5, 6.5, 5, 7 ], "texture": "#anvil_base" },
        "east":  { "uv": [ 11, 6.5, 11.5, 7 ], "texture": "#anvil_base" }
    }
},
{
    "from": [ 5, 9, 11 ],
    "to": [ 6, 9.5, 11.5 ],
    "faces": {
        "down":  { "uv": [ 11, 11.5, 10, 11 ], "texture": "#anvil_base" },
        "up":    { "uv": [ 5, 11, 6, 11.5 ], "texture": "#anvil_base" },
        "north": { "uv": [ 10, 6.5, 11, 7 ], "texture": "#anvil_base" },
        "south": { "uv": [ 5, 6.5, 6, 7 ], "texture": "#anvil_base" },
        "west":  { "uv": [ 11, 6.5, 11.5, 7 ], "texture": "#anvil_base" },
        "east":  { "uv": [ 4.5, 6.5, 5, 7 ], "texture": "#anvil_base" }
    }
},
{
    "from": [ 5, 9, 11 ],
    "to": [ 6, 9.5, 11.5 ],
    "faces": {
        "down":  { "uv": [ 11, 11.5, 10, 11 ], "texture": "#anvil_base" },
        "up":    { "uv": [ 5, 11, 6, 11.5 ], "texture": "#anvil_base" },
        "north": { "uv": [ 10, 6.5, 11, 7 ], "texture": "#anvil_base" },
        "south": { "uv": [ 5, 6.5, 6, 7 ], "texture": "#anvil_base" },
        "west":  { "uv": [ 11, 6.5, 11.5, 7 ], "texture": "#anvil_base" },
        "east":  { "uv": [ 4.5, 6.5, 5, 7 ], "texture": "#anvil_base" }
    }
},
{
    "from": [ 10, 9, 11 ],
    "to": [ 11, 9.5, 11.5 ],
    "faces": {
        "down":  { "uv": [ 6, 11.5, 5, 11 ], "texture": "#anvil_base" },
        "up":    { "uv": [ 10, 11, 11, 11.5 ], "texture": "#anvil_base" },
        "north": { "uv": [ 5, 6.5, 6, 7 ], "texture": "#anvil_base" },
        "south": { "uv": [ 10, 6.5, 11, 7 ], "texture": "#anvil_base" },
        "west":  { "uv": [ 11, 6.5, 11.5, 7 ], "texture": "#anvil_base" },
        "east":  { "uv": [ 4.5, 6.5, 5, 7 ], "texture": "#anvil_base" }
    }
},
{
    "from": [ 8.5, 11, 11 ],
    "to": [ 9, 15, 11.5 ],
    "faces": {
        "down":  { "uv": [ 7.5, 11.5, 7, 11 ], "texture": "#anvil_base" },
        "up":    { "uv": [ 8.5, 11, 9, 11.5 ], "texture": "#anvil_base" },
        "north": { "uv": [ 7, 1, 7.5, 5 ], "texture": "#anvil_base" },
        "south": { "uv": [ 8.5, 1, 9, 5 ], "texture": "#anvil_base" },
        "west":  { "uv": [ 11, 1, 11.5, 5 ], "texture": "#anvil_base" },
        "east":  { "uv": [ 4.5, 1, 5, 5 ], "texture": "#anvil_base" }
    }
},
{
    "from": [ 8.5, 3, 4.5 ],
    "to": [ 9, 7, 5 ],
    "faces": {
        "down":  { "uv": [ 7.5, 5, 7, 4.5 ], "texture": "#anvil_base" },
        "up":    { "uv": [ 8.5, 4.5, 9, 5 ], "texture": "#anvil_base" },
        "north": { "uv": [ 7, 9, 7.5, 13 ], "texture": "#anvil_base" },
        "south": { "uv": [ 8.5, 9, 9, 13 ], "texture": "#anvil_base" },
        "west":  { "uv": [ 4.5, 9, 5, 13 ], "texture": "#anvil_base" },
        "east":  { "uv": [ 11, 9, 11.5, 13 ], "texture": "#anvil_base" }
    }
},
{
    "from": [ 5, 15.5, 5 ],
    "to": [ 11, 16.5, 11 ],
    "faces": {
        "down":  { "uv": [ 16, 16, 0, 0 ], "texture": "#power" },
        "up":    { "uv": [ 0, 0, 16, 16 ], "texture": "#power" },
        "north": { "uv": [ 5, 0, 11, 0.5 ], "texture": "#power" },
        "south": { "uv": [ 5, 0, 11, 0.5 ], "texture": "#power" },
        "west":  { "uv": [ 5, 0, 11, 0.5 ], "texture": "#power" },
        "east":  { "uv": [ 5, 0, 11, 0.5 ], "texture": "#power" }
    }
},
{
    "from": [ 6, 12, 4.9375 ],
    "to": [ 8, 13, 5 ],
    "faces": {
        "north": { "uv": [ 14, 15, 16, 16 ], "texture": "#gamebandbase" },
        "south": { "uv": [ 14, 15, 16, 16 ], "texture": "#gamebandbase" }
    }
}
]
}