{
"__comment": "Designed by samasaurus6",
"ambientocclusion": false,
"textures": {
    "particle": "blocks/anvil_base",
    "texture": "blocks/iron_block",
    "numpad": "gameband/numpad",
    "bed_feet_top": "blocks/bed_feet_top",
    "beacon": "blocks/beacon",
    "emerald_block": "blocks/emerald_block",
    "hardened_clay_stained_orange": "blocks/hardened_clay_stained_orange",
    "lapis_block": "blocks/lapis_block",
    "glass_white": "blocks/glass_white"
},
"elements": [ 
{
    "from": [ -2, 0, 4 ],
    "to": [ 18, 32, 16 ],
    "faces": {
        "down":  { "uv": [ 16, 12, 0, 0 ], "rotation": 180, "texture": "#particle" },
        "up":    { "uv": [ 0, 0, 16, 12 ], "rotation": 180, "texture": "#particle" },
        "north": { "uv": [ 0, 0, 16, 16 ], "texture": "#particle" },
        "south": { "uv": [ 0, 0, 16, 16 ], "texture": "#particle" },
        "west":  { "uv": [ 4, 0, 16, 16 ], "texture": "#particle" },
        "east":  { "uv": [ 0, 0, 12, 16 ], "texture": "#particle" }
    }
},
{
    "from": [ 14, 0, 0 ],
    "to": [ 18, 16, 4 ],
    "faces": {
        "down":  { "uv": [ 16, 16, 14, 12 ], "rotation": 180, "texture": "#texture" },
        "up":    { "uv": [ 0, 12, 2, 16 ], "rotation": 180, "texture": "#texture" },
        "north": { "uv": [ 0, 0, 1, 16 ], "texture": "#texture" },
        "south": { "uv": [ 15, 0, 16, 16 ], "texture": "#texture" },
        "west":  { "uv": [ 0, 0, 1, 16 ], "texture": "#texture" },
        "east":  { "uv": [ 15, 0, 16, 16 ], "texture": "#texture" }
    }
},
{
    "from": [ 14, 16, 0 ],
    "to": [ 18, 32, 4 ],
    "faces": {
        "down":  { "uv": [ 16, 16, 14, 12 ], "rotation": 180, "texture": "#texture" },
        "up":    { "uv": [ 0, 12, 2, 16 ], "rotation": 180, "texture": "#texture" },
        "north": { "uv": [ 0, 0, 1, 16 ], "texture": "#texture" },
        "south": { "uv": [ 15, 0, 16, 16 ], "texture": "#texture" },
        "west":  { "uv": [ 0, 0, 1, 16 ], "texture": "#texture" },
        "east":  { "uv": [ 15, 0, 16, 16 ], "texture": "#texture" }
    }
},
{
    "from": [ -2, 0, 0 ],
    "to": [ 2, 16, 4 ],
    "faces": {
        "down":  { "uv": [ 16, 16, 14, 12 ], "rotation": 180, "texture": "#texture" },
        "up":    { "uv": [ 0, 12, 2, 16 ], "rotation": 180, "texture": "#texture" },
        "north": { "uv": [ 0, 0, 1, 16 ], "texture": "#texture" },
        "south": { "uv": [ 15, 0, 16, 16 ], "texture": "#texture" },
        "west":  { "uv": [ 0, 0, 1, 16 ], "texture": "#texture" },
        "east":  { "uv": [ 15, 0, 16, 16 ], "texture": "#texture" }
    }
},
{
    "from": [ -2, 16, 0 ],
    "to": [ 2, 32, 4 ],
    "faces": {
        "down":  { "uv": [ 16, 16, 14, 12 ], "rotation": 180, "texture": "#texture" },
        "up":    { "uv": [ 0, 12, 2, 16 ], "rotation": 180, "texture": "#texture" },
        "north": { "uv": [ 0, 0, 1, 16 ], "texture": "#texture" },
        "south": { "uv": [ 15, 0, 16, 16 ], "texture": "#texture" },
        "west":  { "uv": [ 0, 0, 1, 16 ], "texture": "#texture" },
        "east":  { "uv": [ 15, 0, 16, 16 ], "texture": "#texture" }
    }
},
{
    "from": [ 2, 0, 0 ],
    "to": [ 14, 2, 4 ],
    "faces": {
        "down":  { "uv": [ 14, 13, 2, 9 ], "rotation": 180, "texture": "#texture" },
        "up":    { "uv": [ 2, 6, 14, 10 ], "rotation": 180, "texture": "#texture" },
        "north": { "uv": [ 2, 15, 14, 16 ], "texture": "#texture" },
        "south": { "uv": [ 2, 15, 14, 16 ], "texture": "#texture" },
        "west":  { "uv": [ 0, 14, 4, 16 ], "texture": "#texture" },
        "east":  { "uv": [ 12, 14, 16, 16 ], "texture": "#texture" }
    }
},
{
    "from": [ 2, 30, 0 ],
    "to": [ 14, 32, 4 ],
    "faces": {
        "down":  { "uv": [ 14, 13, 2, 9 ], "rotation": 180, "texture": "#texture" },
        "up":    { "uv": [ 2, 6, 14, 10 ], "rotation": 180, "texture": "#texture" },
        "north": { "uv": [ 2, 15, 14, 16 ], "texture": "#texture" },
        "south": { "uv": [ 2, 15, 14, 16 ], "texture": "#texture" },
        "west":  { "uv": [ 0, 14, 4, 16 ], "texture": "#texture" },
        "east":  { "uv": [ 12, 14, 16, 16 ], "texture": "#texture" }
    }
},
{
    "from": [ 0, 0, 3.9375 ],
    "to": [ 16, 16, 4.9375 ],
    "faces": {
        "down":  { "uv": [ 16, 12.0625, 0, 11.0625 ], "rotation": 180, "texture": "#texture" },
        "up":    { "uv": [ 0, 11.0625, 16, 12.0625 ], "rotation": 180, "texture": "#texture" },
        "north": { "uv": [ 0, 1, 16, 16 ], "texture": "#texture" },
        "south": { "uv": [ 0, 1, 16, 16 ], "texture": "#texture" },
        "west":  { "uv": [ 3.9375, 0, 4.9375, 16 ], "texture": "#texture" },
        "east":  { "uv": [ 11.0625, 0, 12.0625, 16 ], "texture": "#texture" }
    }
},
{
    "from": [ 0, 15.9375, 3.9375 ],
    "to": [ 16, 31.9375, 4.9375 ],
    "faces": {
        "down":  { "uv": [ 16, 12.0625, 0, 11.0625 ], "rotation": 180, "texture": "#texture" },
        "up":    { "uv": [ 0, 11.0625, 16, 12.0625 ], "rotation": 180, "texture": "#texture" },
        "north": { "uv": [ 0, 0, 16, 15 ], "texture": "#texture" },
        "south": { "uv": [ 0, 0, 16, 15 ], "texture": "#texture" },
        "west":  { "uv": [ 3.9375, 0, 4.9375, 16 ], "texture": "#texture" },
        "east":  { "uv": [ 11.0625, 0, 12.0625, 16 ], "texture": "#texture" }
    }
},
{
    "from": [ -1, 1, -0.5 ],
    "to": [ 1, 10, 0.5 ],
    "faces": {
        "down":  { "uv": [ 1, 16, 0, 15.5 ], "rotation": 180, "texture": "#particle" },
        "up":    { "uv": [ 15, 15.5, 16, 16 ], "rotation": 180, "texture": "#particle" },
        "north": { "uv": [ 15, 6, 16, 15 ], "texture": "#particle" },
        "south": { "uv": [ 0, 6, 1, 15 ], "texture": "#particle" },
        "west":  { "uv": [ 0, 6, 0.5, 15 ], "texture": "#particle" },
        "east":  { "uv": [ 15.5, 6, 16, 15 ], "texture": "#particle" }
    }
},
{
    "from": [ -1, 20, -0.5 ],
    "to": [ 1, 23, 0.5 ],
    "faces": {
        "down":  { "uv": [ 1, 16, 0, 15.5 ], "rotation": 180, "texture": "#particle" },
        "up":    { "uv": [ 15, 15.5, 16, 16 ], "rotation": 180, "texture": "#particle" },
        "north": { "uv": [ 13, 4, 16, 8 ], "texture": "#particle" },
        "south": { "uv": [ 0, 0, 1, 0 ], "texture": "#particle" },
        "west":  { "uv": [ 0, 0, 0.5, 0 ], "texture": "#particle" },
        "east":  { "uv": [ 15.5, 0, 16, 0 ], "texture": "#particle" }
    }
},
{
    "from": [ -1, 23.5, -0.125 ],
    "to": [ 1, 25.5, 0.875 ],
    "faces": {
        "down":  { "uv": [ 1, 16, 0, 15.5 ], "rotation": 180, "texture": "#numpad" },
        "up":    { "uv": [ 15, 15.5, 16, 16 ], "rotation": 180, "texture": "#numpad" },
        "north": { "uv": [ 0.5, 0.5, 13, 13 ], "texture": "#numpad" },
        "south": { "uv": [ 0, 0, 1, 0 ], "texture": "#numpad" },
        "west":  { "uv": [ 0, 0, 0.5, 0 ], "texture": "#numpad" },
        "east":  { "uv": [ 15.5, 0, 16, 0 ], "texture": "#numpad" }
    }
},
{
    "from": [ 11, 9, 2 ],
    "to": [ 13, 12, 4 ],
    "faces": {
        "down":  { "uv": [ 13, 14, 11, 12 ], "rotation": 180, "texture": "#bed_feet_top" },
        "up":    { "uv": [ 3, 12, 5, 14 ], "rotation": 180, "texture": "#bed_feet_top" },
        "north": { "uv": [ 3, 4, 5, 7 ], "texture": "#bed_feet_top" },
        "south": { "uv": [ 11, 4, 13, 7 ], "texture": "#bed_feet_top" },
        "west":  { "uv": [ 2, 4, 4, 7 ], "texture": "#bed_feet_top" },
        "east":  { "uv": [ 12, 4, 14, 7 ], "texture": "#bed_feet_top" }
    }
},
{
    "from": [ 3, 9, 2 ],
    "to": [ 5, 12, 4 ],
    "faces": {
        "down":  { "uv": [ 13, 14, 11, 12 ], "rotation": 180, "texture": "#bed_feet_top" },
        "up":    { "uv": [ 3, 12, 5, 14 ], "rotation": 180, "texture": "#bed_feet_top" },
        "north": { "uv": [ 3, 4, 5, 7 ], "texture": "#bed_feet_top" },
        "south": { "uv": [ 11, 4, 13, 7 ], "texture": "#bed_feet_top" },
        "west":  { "uv": [ 2, 4, 4, 7 ], "texture": "#bed_feet_top" },
        "east":  { "uv": [ 12, 4, 14, 7 ], "texture": "#bed_feet_top" }
    }
},
{
    "from": [ 7, 9, 2 ],
    "to": [ 9, 12, 4 ],
    "faces": {
        "down":  { "uv": [ 13, 14, 11, 12 ], "rotation": 180, "texture": "#bed_feet_top" },
        "up":    { "uv": [ 3, 12, 5, 14 ], "rotation": 180, "texture": "#bed_feet_top" },
        "north": { "uv": [ 3, 4, 5, 7 ], "texture": "#bed_feet_top" },
        "south": { "uv": [ 11, 4, 13, 7 ], "texture": "#bed_feet_top" },
        "west":  { "uv": [ 2, 4, 4, 7 ], "texture": "#bed_feet_top" },
        "east":  { "uv": [ 12, 4, 14, 7 ], "texture": "#bed_feet_top" }
    }
},
{
    "from": [ 7, 4, 2 ],
    "to": [ 9, 7, 4 ],
    "faces": {
        "down":  { "uv": [ 13, 14, 11, 12 ], "rotation": 180, "texture": "#lapis_block" },
        "up":    { "uv": [ 3, 12, 5, 14 ], "rotation": 180, "texture": "#lapis_block" },
        "north": { "uv": [ 3, 4, 5, 7 ], "texture": "#lapis_block" },
        "south": { "uv": [ 11, 4, 13, 7 ], "texture": "#lapis_block" },
        "west":  { "uv": [ 2, 4, 4, 7 ], "texture": "#lapis_block" },
        "east":  { "uv": [ 12, 4, 14, 7 ], "texture": "#lapis_block" }
    }
},
{
    "from": [ 11, 4, 2 ],
    "to": [ 13, 7, 4 ],
    "faces": {
        "down":  { "uv": [ 13, 14, 11, 12 ], "rotation": 180, "texture": "#lapis_block" },
        "up":    { "uv": [ 3, 12, 5, 14 ], "rotation": 180, "texture": "#lapis_block" },
        "north": { "uv": [ 3, 4, 5, 7 ], "texture": "#lapis_block" },
        "south": { "uv": [ 11, 4, 13, 7 ], "texture": "#lapis_block" },
        "west":  { "uv": [ 2, 4, 4, 7 ], "texture": "#lapis_block" },
        "east":  { "uv": [ 12, 4, 14, 7 ], "texture": "#lapis_block" }
    }
},
{
    "from": [ 3, 4, 2 ],
    "to": [ 5, 7, 4 ],
    "faces": {
        "down":  { "uv": [ 13, 14, 11, 12 ], "rotation": 180, "texture": "#lapis_block" },
        "up":    { "uv": [ 3, 12, 5, 14 ], "rotation": 180, "texture": "#lapis_block" },
        "north": { "uv": [ 3, 4, 5, 7 ], "texture": "#lapis_block" },
        "south": { "uv": [ 11, 4, 13, 7 ], "texture": "#lapis_block" },
        "west":  { "uv": [ 2, 4, 4, 7 ], "texture": "#lapis_block" },
        "east":  { "uv": [ 12, 4, 14, 7 ], "texture": "#lapis_block" }
    }
},
{
    "from": [ 11, 14, 2 ],
    "to": [ 13, 17, 4 ],
    "faces": {
        "down":  { "uv": [ 13, 14, 11, 12 ], "rotation": 180, "texture": "#hardened_clay_stained_orange" },
        "up":    { "uv": [ 3, 12, 5, 14 ], "rotation": 180, "texture": "#hardened_clay_stained_orange" },
        "north": { "uv": [ 3, 4, 5, 7 ], "texture": "#hardened_clay_stained_orange" },
        "south": { "uv": [ 11, 4, 13, 7 ], "texture": "#hardened_clay_stained_orange" },
        "west":  { "uv": [ 2, 4, 4, 7 ], "texture": "#hardened_clay_stained_orange" },
        "east":  { "uv": [ 12, 4, 14, 7 ], "texture": "#hardened_clay_stained_orange" }
    }
},
{
    "from": [ 7, 14, 2 ],
    "to": [ 9, 17, 4 ],
    "faces": {
        "down":  { "uv": [ 13, 14, 11, 12 ], "rotation": 180, "texture": "#hardened_clay_stained_orange" },
        "up":    { "uv": [ 3, 12, 5, 14 ], "rotation": 180, "texture": "#hardened_clay_stained_orange" },
        "north": { "uv": [ 3, 4, 5, 7 ], "texture": "#hardened_clay_stained_orange" },
        "south": { "uv": [ 11, 4, 13, 7 ], "texture": "#hardened_clay_stained_orange" },
        "west":  { "uv": [ 2, 4, 4, 7 ], "texture": "#hardened_clay_stained_orange" },
        "east":  { "uv": [ 12, 4, 14, 7 ], "texture": "#hardened_clay_stained_orange" }
    }
},
{
    "from": [ 3, 14, 2 ],
    "to": [ 5, 17, 4 ],
    "faces": {
        "down":  { "uv": [ 13, 14, 11, 12 ], "rotation": 180, "texture": "#hardened_clay_stained_orange" },
        "up":    { "uv": [ 3, 12, 5, 14 ], "rotation": 180, "texture": "#hardened_clay_stained_orange" },
        "north": { "uv": [ 3, 4, 5, 7 ], "texture": "#hardened_clay_stained_orange" },
        "south": { "uv": [ 11, 4, 13, 7 ], "texture": "#hardened_clay_stained_orange" },
        "west":  { "uv": [ 2, 4, 4, 7 ], "texture": "#hardened_clay_stained_orange" },
        "east":  { "uv": [ 12, 4, 14, 7 ], "texture": "#hardened_clay_stained_orange" }
    }
},
{
    "from": [ 11, 19, 2 ],
    "to": [ 13, 22, 4 ],
    "faces": {
        "down":  { "uv": [ 13, 14, 11, 12 ], "rotation": 180, "texture": "#emerald_block" },
        "up":    { "uv": [ 3, 12, 5, 14 ], "rotation": 180, "texture": "#emerald_block" },
        "north": { "uv": [ 3, 4, 5, 7 ], "texture": "#emerald_block" },
        "south": { "uv": [ 11, 4, 13, 7 ], "texture": "#emerald_block" },
        "west":  { "uv": [ 2, 4, 4, 7 ], "texture": "#emerald_block" },
        "east":  { "uv": [ 12, 4, 14, 7 ], "texture": "#emerald_block" }
    }
},
{
    "from": [ 7, 19, 2 ],
    "to": [ 9, 22, 4 ],
    "faces": {
        "down":  { "uv": [ 13, 14, 11, 12 ], "rotation": 180, "texture": "#emerald_block" },
        "up":    { "uv": [ 3, 12, 5, 14 ], "rotation": 180, "texture": "#emerald_block" },
        "north": { "uv": [ 3, 4, 5, 7 ], "texture": "#emerald_block" },
        "south": { "uv": [ 11, 4, 13, 7 ], "texture": "#emerald_block" },
        "west":  { "uv": [ 2, 4, 4, 7 ], "texture": "#emerald_block" },
        "east":  { "uv": [ 12, 4, 14, 7 ], "texture": "#emerald_block" }
    }
},
{
    "from": [ 3, 19, 2 ],
    "to": [ 5, 22, 4 ],
    "faces": {
        "down":  { "uv": [ 13, 14, 11, 12 ], "rotation": 180, "texture": "#emerald_block" },
        "up":    { "uv": [ 3, 12, 5, 14 ], "rotation": 180, "texture": "#emerald_block" },
        "north": { "uv": [ 3, 4, 5, 7 ], "texture": "#emerald_block" },
        "south": { "uv": [ 11, 4, 13, 7 ], "texture": "#emerald_block" },
        "west":  { "uv": [ 2, 4, 4, 7 ], "texture": "#emerald_block" },
        "east":  { "uv": [ 12, 4, 14, 7 ], "texture": "#emerald_block" }
    }
},
{
    "from": [ 3, 24, 2 ],
    "to": [ 5, 27, 4 ],
    "faces": {
        "down":  { "uv": [ 13, 14, 11, 12 ], "rotation": 180, "texture": "#beacon" },
        "up":    { "uv": [ 3, 12, 5, 14 ], "rotation": 180, "texture": "#beacon" },
        "north": { "uv": [ 3, 4, 5, 7 ], "texture": "#beacon" },
        "south": { "uv": [ 11, 4, 13, 7 ], "texture": "#beacon" },
        "west":  { "uv": [ 2, 4, 4, 7 ], "texture": "#beacon" },
        "east":  { "uv": [ 12, 4, 14, 7 ], "texture": "#beacon" }
    }
},
{
    "from": [ 7, 24, 2 ],
    "to": [ 9, 27, 4 ],
    "faces": {
        "down":  { "uv": [ 13, 14, 11, 12 ], "rotation": 180, "texture": "#beacon" },
        "up":    { "uv": [ 3, 12, 5, 14 ], "rotation": 180, "texture": "#beacon" },
        "north": { "uv": [ 3, 4, 5, 7 ], "texture": "#beacon" },
        "south": { "uv": [ 11, 4, 13, 7 ], "texture": "#beacon" },
        "west":  { "uv": [ 2, 4, 4, 7 ], "texture": "#beacon" },
        "east":  { "uv": [ 12, 4, 14, 7 ], "texture": "#beacon" }
    }
},
{
    "from": [ 11, 24, 2 ],
    "to": [ 13, 27, 4 ],
    "faces": {
        "down":  { "uv": [ 13, 14, 11, 12 ], "rotation": 180, "texture": "#beacon" },
        "up":    { "uv": [ 3, 12, 5, 14 ], "rotation": 180, "texture": "#beacon" },
        "north": { "uv": [ 3, 4, 5, 7 ], "texture": "#beacon" },
        "south": { "uv": [ 11, 4, 13, 7 ], "texture": "#beacon" },
        "west":  { "uv": [ 2, 4, 4, 7 ], "texture": "#beacon" },
        "east":  { "uv": [ 12, 4, 14, 7 ], "texture": "#beacon" }
    }
}
]
}