{
"__comment": "Designed by samasaurus6",
"textures": {
    "particle": "blocks/stone_andesite",
    "texture": "blocks/stone_andesite",
    "serverscreen": "blocks/serverscreen",
    "wool_colored_red": "gameband/numpadhack"
},
"elements": [ 
{
    "from": [ 0, 0, 0 ],
    "to": [ 16, 16, 16 ],
    "faces": {
        "down":  { "uv": [ 16, 16, 0, 0 ], "texture": "#texture" },
        "up":    { "uv": [ 0, 0, 16, 16 ], "texture": "#texture" },
        "north": { "uv": [ 0, 0, 16, 16 ], "texture": "#texture" },
        "south": { "uv": [ 0, 0, 16, 16 ], "texture": "#texture" },
        "west":  { "uv": [ 0, 0, 16, 16 ], "texture": "#texture" },
        "east":  { "uv": [ 0, 0, 16, 16 ], "texture": "#texture" }
    }
},
{
    "from": [ 2, 5, -0.0625 ],
    "to": [ 11, 14, 0.9375 ],
    "faces": {
        "down":  { "uv": [ 14.5, 0.9375, 6, 0 ], "texture": "#serverscreen" },
        "up":    { "uv": [ 1.5, 0, 10, 0.9375 ], "texture": "#serverscreen" },
        "north": { "uv": [ 0, 0, 16, 16 ], "texture": "#serverscreen" },
        "south": { "uv": [ 0, 0, 16, 16 ], "texture": "#serverscreen" },
        "west":  { "uv": [ 0, 1.5, 0.9375, 10.5 ], "texture": "#serverscreen" },
        "east":  { "uv": [ 15.0625, 1.5, 16, 10.5 ], "texture": "#serverscreen" }
    }
},
{
    "from": [ 13, 12, -0.0625 ],
    "to": [ 14, 13, 0 ],
    "faces": {
        "down":  { "uv": [ 13, 14.5, 12, 13.5625 ], "texture": "#wool_colored_red" },
        "up":    { "uv": [ 12, 13.5, 13, 14.4375 ], "texture": "#wool_colored_red" },
        "north": { "uv": [ 6, 5.5, 6.5, 6 ], "texture": "#wool_colored_red" },
        "south": { "uv": [ 6, 5.5, 6.5, 6 ], "texture": "#wool_colored_red" },
        "west":  { "uv": [ 12, 13.5, 12.9375, 14.5 ], "texture": "#wool_colored_red" },
        "east":  { "uv": [ 12, 13.5, 12.9375, 14.5 ], "texture": "#wool_colored_red" }
    }
},
{
    "from": [ 13, 9, -0.0625 ],
    "to": [ 14, 10, 0 ],
    "faces": {
        "down":  { "uv": [ 13, 14.5, 12, 13.5625 ], "texture": "#wool_colored_red" },
        "up":    { "uv": [ 12, 13.5, 13, 14.4375 ], "texture": "#wool_colored_red" },
        "north": { "uv": [ 10.5, 3, 11, 3.5 ], "texture": "#wool_colored_red" },
        "south": { "uv": [ 10.5, 3, 11, 3.5 ], "texture": "#wool_colored_red" },
        "west":  { "uv": [ 12, 13.5, 12.9375, 14.5 ], "texture": "#wool_colored_red" },
        "east":  { "uv": [ 12, 13.5, 12.9375, 14.5 ], "texture": "#wool_colored_red" }
    }
},
{
    "from": [ 13, 6, -0.0625 ],
    "to": [ 14, 7, 0 ],
    "faces": {
        "down":  { "uv": [ 13, 14.5, 12, 13.5625 ], "texture": "#wool_colored_red" },
        "up":    { "uv": [ 12, 13.5, 13, 14.4375 ], "texture": "#wool_colored_red" },
        "north": { "uv": [ 10.5, 7.5, 11, 8 ], "texture": "#wool_colored_red" },
        "south": { "uv": [ 10.5, 7.5, 11, 8 ], "texture": "#wool_colored_red" },
        "west":  { "uv": [ 12, 13.5, 12.9375, 14.5 ], "texture": "#wool_colored_red" },
        "east":  { "uv": [ 12, 13.5, 12.9375, 14.5 ], "texture": "#wool_colored_red" }
    }
}
]
}