{
"__comment": "Designed by samasaurus6",
"textures": {
    "particle": "blocks/iron_block",
    "textureblock": "blocks/iron_block"
},
"elements": [ 
{
    "from": [ 0, 15, 13 ],
    "to": [ 16, 16, 16 ],
    "faces": {
        "down":  { "uv": [ 0, 0, 16, 3 ], "rotation": 180, "texture": "#textureblock" },
        "up":    { "uv": [ 0, 0, 16, 3 ], "texture": "#textureblock" },
        "north": { "uv": [ 0, 0, 16, 1 ], "texture": "#textureblock" },
        "south": { "uv": [ 16, 1, 0, 0 ], "rotation": 180, "texture": "#textureblock" },
        "west":  { "uv": [ 15, 0, 16, 3 ], "rotation": 270, "texture": "#textureblock" },
        "east":  { "uv": [ 0, 0, 1, 3 ], "rotation": 90, "texture": "#textureblock" }
    }
},
{
    "from": [ 0, 12, 13 ],
    "to": [ 16, 13, 16 ],
    "faces": {
        "down":  { "uv": [ 0, 0, 16, 3 ], "rotation": 180, "texture": "#textureblock" },
        "up":    { "uv": [ 0, 0, 16, 3 ], "texture": "#textureblock" },
        "north": { "uv": [ 0, 3, 16, 4 ], "texture": "#textureblock" },
        "south": { "uv": [ 16, 4, 0, 3 ], "rotation": 180, "texture": "#textureblock" },
        "west":  { "uv": [ 12, 0, 13, 3 ], "rotation": 270, "texture": "#textureblock" },
        "east":  { "uv": [ 3, 0, 4, 3 ], "rotation": 90, "texture": "#textureblock" }
    }
},
{
    "from": [ 0, 9, 13 ],
    "to": [ 16, 10, 16 ],
    "faces": {
        "down":  { "uv": [ 0, 0, 16, 3 ], "rotation": 180, "texture": "#textureblock" },
        "up":    { "uv": [ 0, 0, 16, 3 ], "texture": "#textureblock" },
        "north": { "uv": [ 0, 6, 16, 7 ], "texture": "#textureblock" },
        "south": { "uv": [ 16, 7, 0, 6 ], "rotation": 180, "texture": "#textureblock" },
        "west":  { "uv": [ 9, 0, 10, 3 ], "rotation": 270, "texture": "#textureblock" },
        "east":  { "uv": [ 6, 0, 7, 3 ], "rotation": 90, "texture": "#textureblock" }
    }
},
{
    "from": [ 0, 6, 13 ],
    "to": [ 16, 7, 16 ],
    "faces": {
        "down":  { "uv": [ 0, 0, 16, 3 ], "rotation": 180, "texture": "#textureblock" },
        "up":    { "uv": [ 0, 0, 16, 3 ], "texture": "#textureblock" },
        "north": { "uv": [ 0, 9, 16, 10 ], "texture": "#textureblock" },
        "south": { "uv": [ 16, 10, 0, 9 ], "rotation": 180, "texture": "#textureblock" },
        "west":  { "uv": [ 6, 0, 7, 3 ], "rotation": 270, "texture": "#textureblock" },
        "east":  { "uv": [ 9, 0, 10, 3 ], "rotation": 90, "texture": "#textureblock" }
    }
},
{
    "from": [ 0, 3, 13 ],
    "to": [ 16, 4, 16 ],
    "faces": {
        "down":  { "uv": [ 0, 0, 16, 3 ], "rotation": 180, "texture": "#textureblock" },
        "up":    { "uv": [ 0, 0, 16, 3 ], "texture": "#textureblock" },
        "north": { "uv": [ 0, 12, 16, 13 ], "texture": "#textureblock" },
        "south": { "uv": [ 16, 13, 0, 12 ], "rotation": 180, "texture": "#textureblock" },
        "west":  { "uv": [ 3, 0, 4, 3 ], "rotation": 270, "texture": "#textureblock" },
        "east":  { "uv": [ 12, 0, 13, 3 ], "rotation": 90, "texture": "#textureblock" }
    }
},
{
    "from": [ 0, 2.22045e-016, 13 ],
    "to": [ 16, 1, 16 ],
    "faces": {
        "down":  { "uv": [ 0, 0, 16, 3 ], "rotation": 180, "texture": "#textureblock" },
        "up":    { "uv": [ 0, 0, 16, 3 ], "texture": "#textureblock" },
        "north": { "uv": [ 0, 15, 16, 16 ], "texture": "#textureblock" },
        "south": { "uv": [ 16, 16, 0, 15 ], "rotation": 180, "texture": "#textureblock" },
        "west":  { "uv": [ 0, 0, 1, 3 ], "rotation": 270, "texture": "#textureblock" },
        "east":  { "uv": [ 15, 0, 16, 3 ], "rotation": 90, "texture": "#textureblock" }
    }
},
{
    "from": [ 15, 13, 13 ],
    "to": [ 16, 15, 16 ],
    "faces": {
        "down":  { "uv": [ 0, 0, 1, 3 ], "rotation": 180, "texture": "#textureblock" },
        "up":    { "uv": [ 15, 0, 16, 3 ], "texture": "#textureblock" },
        "north": { "uv": [ 0, 1, 1, 3 ], "texture": "#textureblock" },
        "south": { "uv": [ 16, 3, 15, 1 ], "rotation": 180, "texture": "#textureblock" },
        "west":  { "uv": [ 13, 0, 15, 3 ], "rotation": 270, "texture": "#textureblock" },
        "east":  { "uv": [ 1, 0, 3, 3 ], "rotation": 90, "texture": "#textureblock" }
    }
},
{
    "from": [ 15, 10, 13 ],
    "to": [ 16, 12, 16 ],
    "faces": {
        "down":  { "uv": [ 0, 0, 1, 3 ], "rotation": 180, "texture": "#textureblock" },
        "up":    { "uv": [ 15, 0, 16, 3 ], "texture": "#textureblock" },
        "north": { "uv": [ 0, 4, 1, 6 ], "texture": "#textureblock" },
        "south": { "uv": [ 16, 6, 15, 4 ], "rotation": 180, "texture": "#textureblock" },
        "west":  { "uv": [ 10, 0, 12, 3 ], "rotation": 270, "texture": "#textureblock" },
        "east":  { "uv": [ 4, 0, 6, 3 ], "rotation": 90, "texture": "#textureblock" }
    }
},
{
    "from": [ 15, 7, 13 ],
    "to": [ 16, 9, 16 ],
    "faces": {
        "down":  { "uv": [ 0, 0, 1, 3 ], "rotation": 180, "texture": "#textureblock" },
        "up":    { "uv": [ 15, 0, 16, 3 ], "texture": "#textureblock" },
        "north": { "uv": [ 0, 7, 1, 9 ], "texture": "#textureblock" },
        "south": { "uv": [ 16, 9, 15, 7 ], "rotation": 180, "texture": "#textureblock" },
        "west":  { "uv": [ 7, 0, 9, 3 ], "rotation": 270, "texture": "#textureblock" },
        "east":  { "uv": [ 7, 0, 9, 3 ], "rotation": 90, "texture": "#textureblock" }
    }
},
{
    "from": [ 15, 4, 13 ],
    "to": [ 16, 6, 16 ],
    "faces": {
        "down":  { "uv": [ 0, 0, 1, 3 ], "rotation": 180, "texture": "#textureblock" },
        "up":    { "uv": [ 15, 0, 16, 3 ], "texture": "#textureblock" },
        "north": { "uv": [ 0, 10, 1, 12 ], "texture": "#textureblock" },
        "south": { "uv": [ 16, 12, 15, 10 ], "rotation": 180, "texture": "#textureblock" },
        "west":  { "uv": [ 4, 0, 6, 3 ], "rotation": 270, "texture": "#textureblock" },
        "east":  { "uv": [ 10, 0, 12, 3 ], "rotation": 90, "texture": "#textureblock" }
    }
},
{
    "from": [ 15, 1, 13 ],
    "to": [ 16, 3, 16 ],
    "faces": {
        "down":  { "uv": [ 0, 0, 1, 3 ], "rotation": 180, "texture": "#textureblock" },
        "up":    { "uv": [ 15, 0, 16, 3 ], "texture": "#textureblock" },
        "north": { "uv": [ 0, 13, 1, 15 ], "texture": "#textureblock" },
        "south": { "uv": [ 16, 15, 15, 13 ], "rotation": 180, "texture": "#textureblock" },
        "west":  { "uv": [ 1, 0, 3, 3 ], "rotation": 270, "texture": "#textureblock" },
        "east":  { "uv": [ 13, 0, 15, 3 ], "rotation": 90, "texture": "#textureblock" }
    }
},
{
    "from": [ 0, 1, 13 ],
    "to": [ 1, 3, 16 ],
    "faces": {
        "down":  { "uv": [ 15, 0, 16, 3 ], "rotation": 180, "texture": "#textureblock" },
        "up":    { "uv": [ 0, 0, 1, 3 ], "texture": "#textureblock" },
        "north": { "uv": [ 15, 13, 16, 15 ], "texture": "#textureblock" },
        "south": { "uv": [ 1, 15, 0, 13 ], "rotation": 180, "texture": "#textureblock" },
        "west":  { "uv": [ 1, 0, 3, 3 ], "rotation": 270, "texture": "#textureblock" },
        "east":  { "uv": [ 13, 0, 15, 3 ], "rotation": 90, "texture": "#textureblock" }
    }
},
{
    "from": [ 0, 4, 13 ],
    "to": [ 1, 6, 16 ],
    "faces": {
        "down":  { "uv": [ 15, 0, 16, 3 ], "rotation": 180, "texture": "#textureblock" },
        "up":    { "uv": [ 0, 0, 1, 3 ], "texture": "#textureblock" },
        "north": { "uv": [ 15, 10, 16, 12 ], "texture": "#textureblock" },
        "south": { "uv": [ 1, 12, 0, 10 ], "rotation": 180, "texture": "#textureblock" },
        "west":  { "uv": [ 4, 0, 6, 3 ], "rotation": 270, "texture": "#textureblock" },
        "east":  { "uv": [ 10, 0, 12, 3 ], "rotation": 90, "texture": "#textureblock" }
    }
},
{
    "from": [ 0, 7, 13 ],
    "to": [ 1, 9, 16 ],
    "faces": {
        "down":  { "uv": [ 15, 0, 16, 3 ], "rotation": 180, "texture": "#textureblock" },
        "up":    { "uv": [ 0, 0, 1, 3 ], "texture": "#textureblock" },
        "north": { "uv": [ 15, 7, 16, 9 ], "texture": "#textureblock" },
        "south": { "uv": [ 1, 9, 0, 7 ], "rotation": 180, "texture": "#textureblock" },
        "west":  { "uv": [ 7, 0, 9, 3 ], "rotation": 270, "texture": "#textureblock" },
        "east":  { "uv": [ 7, 0, 9, 3 ], "rotation": 90, "texture": "#textureblock" }
    }
},
{
    "from": [ 0, 10, 13 ],
    "to": [ 1, 12, 16 ],
    "faces": {
        "down":  { "uv": [ 15, 0, 16, 3 ], "rotation": 180, "texture": "#textureblock" },
        "up":    { "uv": [ 0, 0, 1, 3 ], "texture": "#textureblock" },
        "north": { "uv": [ 15, 4, 16, 6 ], "texture": "#textureblock" },
        "south": { "uv": [ 1, 6, 0, 4 ], "rotation": 180, "texture": "#textureblock" },
        "west":  { "uv": [ 10, 0, 12, 3 ], "rotation": 270, "texture": "#textureblock" },
        "east":  { "uv": [ 4, 0, 6, 3 ], "rotation": 90, "texture": "#textureblock" }
    }
},
{
    "from": [ 0, 13, 13 ],
    "to": [ 1, 15, 16 ],
    "faces": {
        "down":  { "uv": [ 15, 0, 16, 3 ], "rotation": 180, "texture": "#textureblock" },
        "up":    { "uv": [ 0, 0, 1, 3 ], "texture": "#textureblock" },
        "north": { "uv": [ 15, 1, 16, 3 ], "texture": "#textureblock" },
        "south": { "uv": [ 1, 3, 0, 1 ], "rotation": 180, "texture": "#textureblock" },
        "west":  { "uv": [ 13, 0, 15, 3 ], "rotation": 270, "texture": "#textureblock" },
        "east":  { "uv": [ 1, 0, 3, 3 ], "rotation": 90, "texture": "#textureblock" }
    }
}
]
}