{
"__comment": "Designed by samasaurus6",
"textures": {
    "particle": "blocks/redstone_block",
    "texture": "blocks/iron_block",
    "redstone_block": "blocks/laser"
},
"elements": [ 
{
    "from": [ 7.75, 7.75, 0 ],
    "to": [ 8.25, 8.25, 16 ],
    "faces": {
        "down":  { "uv": [ 8.25, 16, 7.75, 0 ], "texture": "#redstone_block" },
        "up":    { "uv": [ 7.75, 0, 8.25, 16 ], "texture": "#redstone_block" },
        "north": { "uv": [ 7.75, 7.75, 8.25, 8.25 ], "texture": "#redstone_block" },
        "south": { "uv": [ 7.75, 7.75, 8.25, 8.25 ], "texture": "#redstone_block" },
        "west":  { "uv": [ 0, 7.75, 16, 8.25 ], "texture": "#redstone_block" },
        "east":  { "uv": [ 0, 7.75, 16, 8.25 ], "texture": "#redstone_block" }
    }
}
]
}