{
"__comment": "Designed by samasaurus6",
"textures": {
    "particle": "blocks/iron_block",
    "texture": "blocks/iron_block",
    "redstone_block": "blocks/laser"
},
"elements": [ 
{
    "from": [ 8, 6.5, 13.875 ],
    "to": [ 11, 9.5, 16.875 ],
    "rotation": { "origin": [ 8, 6.5, 13.875 ], "axis": "y", "angle": -45 },
    "faces": {
        "down":  { "uv": [ 16, 16, 0, 0 ], "texture": "#texture" },
        "up":    { "uv": [ 0, 0, 16, 16 ], "texture": "#texture" },
        "north": { "uv": [ 0, 0, 16, 16 ], "texture": "#texture" },
        "south": { "uv": [ 0, 0, 16, 16 ], "texture": "#texture" },
        "west":  { "uv": [ 0, 0, 16, 16 ], "texture": "#texture" },
        "east":  { "uv": [ 0, 0, 16, 16 ], "texture": "#texture" }
    }
},
{
    "from": [ 7, 7, 13.5 ],
    "to": [ 9, 9, 16 ],
    "faces": {
        "down":  { "uv": [ 16, 16, 0, 0 ], "texture": "#texture" },
        "up":    { "uv": [ 0, 0, 16, 16 ], "texture": "#texture" },
        "north": { "uv": [ 0, 0, 16, 16 ], "texture": "#texture" },
        "south": { "uv": [ 0, 0, 16, 16 ], "texture": "#texture" },
        "west":  { "uv": [ 0, 0, 16, 16 ], "texture": "#texture" },
        "east":  { "uv": [ 0, 0, 16, 16 ], "texture": "#texture" }
    }
},
{
    "from": [ 7.5, 7.5, 13.4375 ],
    "to": [ 8.5, 8.5, 14.4375 ],
    "faces": {
        "down":  { "uv": [ 8.5, 14.4375, 7.5, 13.4375 ], "texture": "#redstone_block" },
        "up":    { "uv": [ 7.5, 13.4375, 8.5, 14.4375 ], "texture": "#redstone_block" },
        "north": { "uv": [ 7.5, 7.5, 8.5, 8.5 ], "texture": "#redstone_block" },
        "south": { "uv": [ 7.5, 7.5, 8.5, 8.5 ], "texture": "#redstone_block" },
        "west":  { "uv": [ 13.4375, 7.5, 14.4375, 8.5 ], "texture": "#redstone_block" },
        "east":  { "uv": [ 1.5625, 7.5, 2.5625, 8.5 ], "texture": "#redstone_block" }
    }
},
{
    "from": [ 7.75, 7.75, 0 ],
    "to": [ 8.25, 8.25, 13.5 ],
    "faces": {
        "down":  { "uv": [ 8.25, 13.5, 7.75, 0 ], "texture": "#redstone_block" },
        "up":    { "uv": [ 7.75, 0, 8.25, 13.5 ], "texture": "#redstone_block" },
        "north": { "uv": [ 7.75, 7.75, 8.25, 8.25 ], "texture": "#redstone_block" },
        "south": { "uv": [ 7.75, 7.75, 8.25, 8.25 ], "texture": "#redstone_block" },
        "west":  { "uv": [ 0, 7.75, 13.5, 8.25 ], "texture": "#redstone_block" },
        "east":  { "uv": [ 2.5, 7.75, 16, 8.25 ], "texture": "#redstone_block" }
    }
}
]
}