{
"__comment": "Designed by samasaurus6",
"ambientocclusion": false,
"textures": {
    "particle": "blocks/door_wood_lower",
    "texture": "blocks/door_wood_lower"
},
"elements": [ 
{
    "from": [ 0, 0, 0 ],
    "to": [ 3, 16, 16 ],
    "faces": {
        "down":  { "uv": [ 16, 16, 13, 0 ], "texture": "#texture" },
        "up":    { "uv": [ 0, 0, 3, 16 ], "texture": "#texture" },
        "north": { "uv": [ 13, 0, 16, 16 ], "texture": "#texture" },
        "south": { "uv": [ 0, 0, 3, 16 ], "texture": "#texture" },
        "west":  { "uv": [ 0, 0, 16, 16 ], "texture": "#texture" },
        "east":  { "uv": [ 0, 0, 16, 16 ], "texture": "#texture" }
    }
}
]
}