{
"__comment": "Designed by samasaurus6",
"ambientocclusion": false,
"textures": {
    "particle": "blocks/door_wood_upper",
    "texture": "blocks/door_wood_upper"
},
"elements": [ 
{
    "from": [ 0, 13, 0 ],
    "to": [ 3, 16, 16 ],
    "faces": {
        "down":  { "uv": [ 16, 16, 13, 0 ], "texture": "#texture" },
        "up":    { "uv": [ 0, 0, 3, 16 ], "texture": "#texture" },
        "north": { "uv": [ 13, 0, 16, 3 ], "texture": "#texture" },
        "south": { "uv": [ 0, 0, 3, 3 ], "texture": "#texture" },
        "west":  { "uv": [ 0, 0, 16, 3 ], "texture": "#texture" },
        "east":  { "uv": [ 0, 0, 16, 3 ], "texture": "#texture" }
    }
},
{
    "from": [ 0, 0, 0 ],
    "to": [ 3, 5, 16 ],
    "faces": {
        "down":  { "uv": [ 16, 16, 13, 0 ], "texture": "#texture" },
        "up":    { "uv": [ 1, 0, 3, 16 ], "texture": "#texture" },
        "north": { "uv": [ 13, 11, 16, 16 ], "texture": "#texture" },
        "south": { "uv": [ 0, 11, 3, 16 ], "texture": "#texture" },
        "west":  { "uv": [ 0, 11, 16, 16 ], "texture": "#texture" },
        "east":  { "uv": [ 0, 11, 16, 16 ], "texture": "#texture" }
    }
},
{
    "from": [ 0, 5, 0 ],
    "to": [ 3, 13, 2 ],
    "faces": {
        "down":  { "uv": [ 16, 2, 13, 0 ], "texture": "#texture" },
        "up":    { "uv": [ 0, 0, 3, 2 ], "texture": "#texture" },
        "north": { "uv": [ 13, 3, 16, 11 ], "texture": "#texture" },
        "south": { "uv": [ 0, 3, 3, 11 ], "texture": "#texture" },
        "west":  { "uv": [ 0, 3, 2, 11 ], "texture": "#texture" },
        "east":  { "uv": [ 14, 3, 16, 11 ], "texture": "#texture" }
    }
},
{
    "from": [ 0, 5, 14 ],
    "to": [ 3, 13, 16 ],
    "faces": {
        "down":  { "uv": [ 16, 16, 13, 14 ], "texture": "#texture" },
        "up":    { "uv": [ 0, 14, 3, 16 ], "texture": "#texture" },
        "north": { "uv": [ 13, 3, 16, 11 ], "texture": "#texture" },
        "south": { "uv": [ 0, 3, 3, 11 ], "texture": "#texture" },
        "west":  { "uv": [ 14, 3, 16, 11 ], "texture": "#texture" },
        "east":  { "uv": [ 0, 3, 2, 11 ], "texture": "#texture" }
    }
},
{
    "from": [ 0, 5, 7 ],
    "to": [ 3, 13, 9 ],
    "faces": {
        "down":  { "uv": [ 16, 9, 13, 7 ], "texture": "#texture" },
        "up":    { "uv": [ 0, 7, 3, 9 ], "texture": "#texture" },
        "north": { "uv": [ 13, 3, 16, 11 ], "texture": "#texture" },
        "south": { "uv": [ 0, 6, 3, 14 ], "texture": "#texture" },
        "west":  { "uv": [ 7, 3, 9, 11 ], "texture": "#texture" },
        "east":  { "uv": [ 7, 3, 9, 11 ], "texture": "#texture" }
    }
},
{
    "from": [ 0, 8, 9 ],
    "to": [ 3, 10, 14 ],
    "faces": {
        "down":  { "uv": [ 16, 14, 13, 9 ], "texture": "#texture" },
        "up":    { "uv": [ 0, 9, 3, 14 ], "texture": "#texture" },
        "north": { "uv": [ 13, 6, 16, 8 ], "texture": "#texture" },
        "south": { "uv": [ 0, 6, 3, 8 ], "texture": "#texture" },
        "west":  { "uv": [ 9, 6, 14, 8 ], "texture": "#texture" },
        "east":  { "uv": [ 2, 6, 7, 8 ], "texture": "#texture" }
    }
},
{
    "from": [ 0, 8, 2 ],
    "to": [ 3, 10, 7 ],
    "faces": {
        "down":  { "uv": [ 16, 7, 13, 2 ], "texture": "#texture" },
        "up":    { "uv": [ 0, 6, 3, 11 ], "texture": "#texture" },
        "north": { "uv": [ 13, 6, 16, 8 ], "texture": "#texture" },
        "south": { "uv": [ 0, 6, 3, 8 ], "texture": "#texture" },
        "west":  { "uv": [ 2, 6, 7, 8 ], "texture": "#texture" },
        "east":  { "uv": [ 9, 6, 14, 8 ], "texture": "#texture" }
    }
},
{
    "from": [ -0.5, 1, 11 ],
    "to": [ 0.5, 2, 14 ],
    "faces": {
        "down":  { "uv": [ 11.5, 16, 11, 14 ], "texture": "#texture" },
        "up":    { "uv": [ 11, 14, 11.5, 16 ], "texture": "#texture" },
        "north": { "uv": [ 13, 14, 13.5, 15 ], "texture": "#texture" },
        "south": { "uv": [ 0, 15, 0.5, 16 ], "texture": "#texture" },
        "west":  { "uv": [ 11, 14, 14, 15 ], "texture": "#texture" },
        "east":  { "uv": [ 11, 14, 14, 15 ], "texture": "#texture" }
    }
},
{
    "from": [ -0.5, 0, 11 ],
    "to": [ 0.5, 1, 12 ],
    "faces": {
        "down":  { "uv": [ 13.5, 15, 13, 14 ], "texture": "#texture" },
        "up":    { "uv": [ 11, 14, 11.5, 15 ], "texture": "#texture" },
        "north": { "uv": [ 12, 14, 12.5, 15 ], "texture": "#texture" },
        "south": { "uv": [ 0, 15, 0.5, 16 ], "texture": "#texture" },
        "west":  { "uv": [ 11, 15, 12, 16 ], "texture": "#texture" },
        "east":  { "uv": [ 11, 14, 12, 15 ], "texture": "#texture" }
    }
},
{
    "from": [ 2.5, 1, 2 ],
    "to": [ 3.5, 2, 5 ],
    "faces": {
        "down":  { "uv": [ 11.5, 16, 11, 14 ], "texture": "#texture" },
        "up":    { "uv": [ 11, 14, 11.5, 16 ], "texture": "#texture" },
        "north": { "uv": [ 13, 14, 13.5, 15 ], "texture": "#texture" },
        "south": { "uv": [ 0, 15, 0.5, 16 ], "texture": "#texture" },
        "west":  { "uv": [ 11, 14, 14, 15 ], "texture": "#texture" },
        "east":  { "uv": [ 11, 14, 14, 15 ], "texture": "#texture" }
    }
},
{
    "from": [ 2.5, 0, 4 ],
    "to": [ 3.5, 1, 5 ],
    "faces": {
        "down":  { "uv": [ 13.5, 15, 13, 14 ], "texture": "#texture" },
        "up":    { "uv": [ 11, 15, 11.5, 16 ], "texture": "#texture" },
        "north": { "uv": [ 12, 14, 12.5, 15 ], "texture": "#texture" },
        "south": { "uv": [ 0, 15, 0.5, 16 ], "texture": "#texture" },
        "west":  { "uv": [ 11, 15, 12, 16 ], "texture": "#texture" },
        "east":  { "uv": [ 11, 15, 12, 16 ], "texture": "#texture" }
    }
}
]
}