{
    "map.alarm": {
        "category": "master",
        "sounds": [
            {
                "name": "map/alarm",
                "stream": false
            }]
    },
    "map.robot": {
        "category": "master",
        "sounds": [
            {
                "name": "map/robot",
                "stream": false
            }]
    },
    "map.robot2": {
        "category": "master",
        "sounds": [
            {
                "name": "map/robot2",
                "stream": false
            }]
    },
    "map.001": {
        "category": "master",
        "sounds": [
            {
                "name": "map/001",
                "stream": true
            }]
    },
    "map.002": {
        "category": "master",
        "sounds": [
            {
                "name": "map/002",
                "stream": true
            }]
    },
    "map.003": {
        "category": "master",
        "sounds": [
            {
                "name": "map/003",
                "stream": true
            }]
    },
    "map.004": {
        "category": "master",
        "sounds": [
            {
                "name": "map/004",
                "stream": true
            }]
    },
    "map.101": {
        "category": "master",
        "sounds": [
            {
                "name": "map/101",
                "stream": true
            }]
    },
    "map.102": {
        "category": "master",
        "sounds": [
            {
                "name": "map/102",
                "stream": true
            }]
    },
    "map.103": {
        "category": "master",
        "sounds": [
            {
                "name": "map/103",
                "stream": true
            }]
    },
    "map.104": {
        "category": "master",
        "sounds": [
            {
                "name": "map/104",
                "stream": true
            }]
    },
    "map.105": {
        "category": "master",
        "sounds": [
            {
                "name": "map/105",
                "stream": true
            }]
    },
    "map.106": {
        "category": "master",
        "sounds": [
            {
                "name": "map/106",
                "stream": true
            }]
    },
    "map.107": {
        "category": "master",
        "sounds": [
            {
                "name": "map/107",
                "stream": true
            }]
    },
    "map.108": {
        "category": "master",
        "sounds": [
            {
                "name": "map/108",
                "stream": true
            }]
    },
    "map.109": {
        "category": "master",
        "sounds": [
            {
                "name": "map/109",
                "stream": true
            }]
    },
    "map.200": {
        "category": "master",
        "sounds": [
            {
                "name": "map/200",
                "stream": true
            }]
    },
    "map.201": {
        "category": "master",
        "sounds": [
            {
                "name": "map/201",
                "stream": true
            }]
    },
    "map.202": {
        "category": "master",
        "sounds": [
            {
                "name": "map/202",
                "stream": true
            }]
    },
    "map.203": {
        "category": "master",
        "sounds": [
            {
                "name": "map/203",
                "stream": true
            }]
    },
    "map.204": {
        "category": "master",
        "sounds": [
            {
                "name": "map/204",
                "stream": true
            }]
    },
    "map.300": {
        "category": "master",
        "sounds": [
            {
                "name": "map/300",
                "stream": true
            }]
    },
    "map.301": {
        "category": "master",
        "sounds": [
            {
                "name": "map/301",
                "stream": true
            }]
    },
    "map.302": {
        "category": "master",
        "sounds": [
            {
                "name": "map/302",
                "stream": true
            }]
    },
    "map.400": {
        "category": "master",
        "sounds": [
            {
                "name": "map/400",
                "stream": true
            }]
    },
    "map.401": {
        "category": "master",
        "sounds": [
            {
                "name": "map/401",
                "stream": true
            }]
    },
    "map.402": {
        "category": "master",
        "sounds": [
            {
                "name": "map/402",
                "stream": true
            }]
    },
    "map.403": {
        "category": "master",
        "sounds": [
            {
                "name": "map/403",
                "stream": true
            }]
    },
    "map.404": {
        "category": "master",
        "sounds": [
            {
                "name": "map/404",
                "stream": true
            }]
    },
    "map.500": {
        "category": "master",
        "sounds": [
            {
                "name": "map/500",
                "stream": true
            }]
    },
    "map.501": {
        "category": "master",
        "sounds": [
            {
                "name": "map/501",
                "stream": true
            }]
    },
    "map.502": {
        "category": "master",
        "sounds": [
            {
                "name": "map/502",
                "stream": true
            }]
    },
    "map.503": {
        "category": "master",
        "sounds": [
            {
                "name": "map/503",
                "stream": true
            }]
    },
    "map.504": {
        "category": "master",
        "sounds": [
            {
                "name": "map/504",
                "stream": true
            }]
    },
    "map.600": {
        "category": "master",
        "sounds": [
            {
                "name": "map/600",
                "stream": true
            }]
    },
    "map.601": {
        "category": "master",
        "sounds": [
            {
                "name": "map/601",
                "stream": true
            }]
    },
    "map.602": {
        "category": "master",
        "sounds": [
            {
                "name": "map/602",
                "stream": true
            }]
    },
    "map.700": {
        "category": "master",
        "sounds": [
            {
                "name": "map/700",
                "stream": true
            }]
    },
    "map.701": {
        "category": "master",
        "sounds": [
            {
                "name": "map/701",
                "stream": true
            }]
    },
    "map.702": {
        "category": "master",
        "sounds": [
            {
                "name": "map/702",
                "stream": true
            }]
    },
    "map.703": {
        "category": "master",
        "sounds": [
            {
                "name": "map/703",
                "stream": true
            }]
    },
    "map.704": {
        "category": "master",
        "sounds": [
            {
                "name": "map/704",
                "stream": true
            }]
    },
    "map.disable": {
        "category": "master",
        "sounds": [
            {
                "name": "map/disable",
                "stream": false
            }]
    },
    "map.objectives": {
        "category": "master",
        "sounds": [
            {
                "name": "map/objectives",
                "stream": false
            }]
    },
    "map.shock": {
        "category": "master",
        "sounds": [
            {
                "name": "map/shock",
                "stream": false
            }]
    }
}