{
"__comment": "Designed by samasaurus6",
"textures": {
    "texture": "gameband/gamebandbase",
    "redstone_ore": "blocks/redstone_ore",
    "button": "gameband/button",
    "icon_hack": "gameband/icon_xray",
    "noise": "gameband/noise",
    "wool_colored_red": "blocks/wool_colored_red",
    "robotscanner": "gameband/robotscanner",
    "laser": "blocks/laser"
},
"elements": [ 
{
    "from": [ 6.9375, 11, 5 ],
    "to": [ 9.0625, 13, 11.0625 ],
    "faces": {
        "down":  { "uv": [ 9.0625, 11.0625, 6.9375, 5 ], "texture": "#texture" },
        "up":    { "uv": [ 6.9375, 5, 9.0625, 11.0625 ], "texture": "#texture" },
        "north": { "uv": [ 6.9375, 3, 9.0625, 5 ], "texture": "#texture" },
        "south": { "uv": [ 6.9375, 3, 9.0625, 5 ], "texture": "#texture" },
        "west":  { "uv": [ 5, 3, 11.0625, 5 ], "texture": "#texture" },
        "east":  { "uv": [ 4.9375, 3, 11, 5 ], "texture": "#texture" }
    }
},
{
    "from": [ 7.25, 3.0625, 5 ],
    "to": [ 8.75, 4.875, 11 ],
    "faces": {
        "down":  { "uv": [ 8.75, 11, 7.25, 5 ], "texture": "#texture" },
        "up":    { "uv": [ 7.25, 5, 8.75, 11 ], "texture": "#texture" },
        "north": { "uv": [ 7.25, 11.125, 8.75, 12.9375 ], "texture": "#texture" },
        "south": { "uv": [ 7.25, 11.125, 8.75, 12.9375 ], "texture": "#texture" },
        "west":  { "uv": [ 5, 11.125, 11, 12.9375 ], "texture": "#texture" },
        "east":  { "uv": [ 5, 11.125, 11, 12.9375 ], "texture": "#texture" }
    }
},
{
    "from": [ 7, 9.875, 2.3125 ],
    "to": [ 9, 11.875, 5.3125 ],
    "rotation": { "origin": [ 7, 11.875, 2.3125 ], "axis": "x", "angle": -22.5 },
    "faces": {
        "down":  { "uv": [ 9, 5.3125, 7, 2.3125 ], "texture": "#texture" },
        "up":    { "uv": [ 7, 2.3125, 9, 5.3125 ], "texture": "#texture" },
        "north": { "uv": [ 7, 4.125, 9, 6.125 ], "texture": "#texture" },
        "south": { "uv": [ 7, 4.125, 9, 6.125 ], "texture": "#texture" },
        "west":  { "uv": [ 2.3125, 4.125, 5.3125, 6.125 ], "texture": "#texture" },
        "east":  { "uv": [ 10.6875, 4.125, 13.6875, 6.125 ], "texture": "#texture" }
    }
},
{
    "from": [ 7, 11, 11 ],
    "to": [ 9, 13, 14 ],
    "rotation": { "origin": [ 7, 13, 11 ], "axis": "x", "angle": 22.5 },
    "faces": {
        "down":  { "uv": [ 9, 14, 7, 11 ], "texture": "#texture" },
        "up":    { "uv": [ 7, 11, 9, 14 ], "texture": "#texture" },
        "north": { "uv": [ 7, 3, 9, 5 ], "texture": "#texture" },
        "south": { "uv": [ 7, 3, 9, 5 ], "texture": "#texture" },
        "west":  { "uv": [ 11, 3, 14, 5 ], "texture": "#texture" },
        "east":  { "uv": [ 2, 3, 5, 5 ], "texture": "#texture" }
    }
},
{
    "from": [ 7.1875, 4, 3 ],
    "to": [ 8.8125, 6, 6 ],
    "rotation": { "origin": [ 7.1875, 6, 3 ], "axis": "x", "angle": 22.5 },
    "faces": {
        "down":  { "uv": [ 8.8125, 6, 7.1875, 3 ], "texture": "#texture" },
        "up":    { "uv": [ 7.1875, 3, 8.8125, 6 ], "texture": "#texture" },
        "north": { "uv": [ 7.1875, 10, 8.8125, 12 ], "texture": "#texture" },
        "south": { "uv": [ 7.1875, 10, 8.8125, 12 ], "texture": "#texture" },
        "west":  { "uv": [ 3, 10, 6, 12 ], "texture": "#texture" },
        "east":  { "uv": [ 10, 10, 13, 12 ], "texture": "#texture" }
    }
},
{
    "from": [ 7.1875, 2.875, 10.25 ],
    "to": [ 8.8125, 4.875, 13.25 ],
    "rotation": { "origin": [ 7.1875, 4.875, 10.25 ], "axis": "x", "angle": -22.5 },
    "faces": {
        "down":  { "uv": [ 8.8125, 13.25, 7.1875, 10.25 ], "texture": "#texture" },
        "up":    { "uv": [ 7.1875, 10.25, 8.8125, 13.25 ], "texture": "#texture" },
        "north": { "uv": [ 7.1875, 11.125, 8.8125, 13.125 ], "texture": "#texture" },
        "south": { "uv": [ 7.1875, 11.125, 8.8125, 13.125 ], "texture": "#texture" },
        "west":  { "uv": [ 10.25, 11.125, 13.25, 13.125 ], "texture": "#texture" },
        "east":  { "uv": [ 2.75, 11.125, 5.75, 13.125 ], "texture": "#texture" }
    }
},
{
    "from": [ 7.0625, 8.875, 2.375 ],
    "to": [ 8.9375, 11.875, 4.375 ],
    "rotation": { "origin": [ 7.0625, 11.875, 2.375 ], "axis": "x", "angle": 22.5 },
    "faces": {
        "down":  { "uv": [ 8.9375, 4.375, 7.0625, 2.375 ], "texture": "#texture" },
        "up":    { "uv": [ 7.0625, 2.375, 8.9375, 4.375 ], "texture": "#texture" },
        "north": { "uv": [ 7.0625, 4.125, 8.9375, 7.125 ], "texture": "#texture" },
        "south": { "uv": [ 7.0625, 4.125, 8.9375, 7.125 ], "texture": "#texture" },
        "west":  { "uv": [ 2.375, 4.125, 4.375, 7.125 ], "texture": "#texture" },
        "east":  { "uv": [ 11.625, 4.125, 13.625, 7.125 ], "texture": "#texture" }
    }
},
{
    "from": [ 7.125, 3.9375, 1.125 ],
    "to": [ 8.875, 6.9375, 3.125 ],
    "rotation": { "origin": [ 7.125, 6.9375, 1.125 ], "axis": "x", "angle": -22.5 },
    "faces": {
        "down":  { "uv": [ 8.875, 3.125, 7.125, 1.125 ], "texture": "#texture" },
        "up":    { "uv": [ 7.125, 1.125, 8.875, 3.125 ], "texture": "#texture" },
        "north": { "uv": [ 7.125, 9.0625, 8.875, 12.0625 ], "texture": "#texture" },
        "south": { "uv": [ 7.125, 9.0625, 8.875, 12.0625 ], "texture": "#texture" },
        "west":  { "uv": [ 1.125, 9.0625, 3.125, 12.0625 ], "texture": "#texture" },
        "east":  { "uv": [ 12.875, 9.0625, 14.875, 12.0625 ], "texture": "#texture" }
    }
},
{
    "from": [ 7.125, 4.75, 13.0625 ],
    "to": [ 8.875, 7.75, 15.0625 ],
    "rotation": { "origin": [ 7.125, 7.75, 13.0625 ], "axis": "x", "angle": 22.5 },
    "faces": {
        "down":  { "uv": [ 8.875, 15.0625, 7.125, 13.0625 ], "texture": "#texture" },
        "up":    { "uv": [ 7.125, 13.0625, 8.875, 15.0625 ], "texture": "#texture" },
        "north": { "uv": [ 7.125, 8.25, 8.875, 11.25 ], "texture": "#texture" },
        "south": { "uv": [ 7.125, 8.25, 8.875, 11.25 ], "texture": "#texture" },
        "west":  { "uv": [ 13.0625, 8.25, 15.0625, 11.25 ], "texture": "#texture" },
        "east":  { "uv": [ 0.9375, 8.25, 2.9375, 11.25 ], "texture": "#texture" }
    }
},
{
    "from": [ 7.0625, 8.0625, 11.9375 ],
    "to": [ 8.875, 11.0625, 13.9375 ],
    "rotation": { "origin": [ 7.0625, 11.0625, 11.9375 ], "axis": "x", "angle": -22.5 },
    "faces": {
        "down":  { "uv": [ 8.9375, 13.9375, 7.125, 11.9375 ], "texture": "#texture" },
        "up":    { "uv": [ 7.0625, 11.9375, 8.875, 13.9375 ], "texture": "#texture" },
        "north": { "uv": [ 7.125, 4.9375, 8.9375, 7.9375 ], "texture": "#texture" },
        "south": { "uv": [ 7.0625, 4.9375, 8.875, 7.9375 ], "texture": "#texture" },
        "west":  { "uv": [ 11.9375, 4.9375, 13.9375, 7.9375 ], "texture": "#texture" },
        "east":  { "uv": [ 2.0625, 4.9375, 4.0625, 7.9375 ], "texture": "#texture" }
    }
},
{
    "from": [ 7, 7, 1.25 ],
    "to": [ 9, 9, 3.25 ],
    "faces": {
        "down":  { "uv": [ 9, 3.25, 7, 1.25 ], "texture": "#texture" },
        "up":    { "uv": [ 7, 1.25, 9, 3.25 ], "texture": "#texture" },
        "north": { "uv": [ 7, 7, 9, 9 ], "texture": "#texture" },
        "south": { "uv": [ 7, 7, 9, 9 ], "texture": "#texture" },
        "west":  { "uv": [ 1.25, 7, 3.25, 9 ], "texture": "#texture" },
        "east":  { "uv": [ 12.75, 7, 14.75, 9 ], "texture": "#texture" }
    }
},
{
    "__comment": "Redstone Piece",
    "from": [ 7, 6.9375, 12.75 ],
    "to": [ 9, 9.0625, 14.875 ],
    "faces": {
        "down":  { "uv": [ 16, 16, 15, 15 ], "texture": "#redstone_ore" },
        "up":    { "uv": [ 0, 0, 1, 1 ], "texture": "#redstone_ore" },
        "north": { "uv": [ 6, 7, 15, 16 ], "texture": "#redstone_ore" },
        "south": { "uv": [ 5, 2, 14, 11 ], "texture": "#redstone_ore" },
        "west":  { "uv": [ 2, 2, 11, 11 ], "texture": "#redstone_ore" },
        "east":  { "uv": [ 1, 5, 10, 14 ], "texture": "#redstone_ore" }
    }
},
{
    "__comment": "Button",
    "from": [ 7.5, 11.375, 3.0625 ],
    "to": [ 8.5, 12.375, 4.0625 ],
    "rotation": { "origin": [ 7.5, 12.375, 3.0625 ], "axis": "x", "angle": -22.5 },
    "faces": {
        "down":  { "uv": [ 2, 2, 1, 1 ], "texture": "#icon_hack", "tintindex": 0 },
        "up":    { "uv": [ 1, 1, 2, 2 ], "texture": "#icon_hack", "tintindex": 0 },
        "north": { "uv": [ 1, 1, 2, 2 ], "texture": "#icon_hack", "tintindex": 0 },
        "south": { "uv": [ 1, 1, 2, 2 ], "texture": "#icon_hack", "tintindex": 0 },
        "west":  { "uv": [ 1, 1, 2, 2 ], "texture": "#icon_hack", "tintindex": 0 },
        "east":  { "uv": [ 1, 1, 2, 2 ], "texture": "#icon_hack", "tintindex": 0 }
    }
},
{
    "from": [ 6.9375, 13, 5.0625 ],
    "to": [ 8.9375, 13.0625, 7.0625 ],
    "faces": {
        "down":  { "uv": [ 16, 16, 15.5, 15 ], "texture": "#icon_hack" },
        "up":    { "uv": [ 0, 0, 16, 16 ], "rotation": 180, "texture": "#icon_hack" }
    }
},
{
    "from": [ 7.5, 12, 12.4375 ],
    "to": [ 8.5, 14, 13.4375 ],
    "rotation": { "origin": [ 7.5, 14, 12.4375 ], "axis": "x", "angle": 22.5 },
    "faces": {
        "down":  { "uv": [ 8.5, 13, 7.5, 12 ], "texture": "#texture" },
        "up":    { "uv": [ 7.5, 12, 8.5, 13 ], "texture": "#texture" },
        "north": { "uv": [ 7.5, 2, 8.5, 4 ], "texture": "#texture" },
        "south": { "uv": [ 7.5, 2, 8.5, 4 ], "texture": "#texture" },
        "west":  { "uv": [ 12, 2, 13, 4 ], "texture": "#texture" },
        "east":  { "uv": [ 3, 2, 4, 4 ], "texture": "#texture" }
    }
},
{
    "from": [ 7, 13.5, 12 ],
    "to": [ 9, 15, 13.5 ],
    "faces": {
        "down":  { "uv": [ 9, 13.5, 7, 12 ], "texture": "#texture" },
        "up":    { "uv": [ 7, 12, 9, 13.5 ], "texture": "#texture" },
        "north": { "uv": [ 7, 1, 9, 2.5 ], "texture": "#texture" },
        "south": { "uv": [ 7, 1, 9, 2.5 ], "texture": "#texture" },
        "west":  { "uv": [ 12, 1, 13.5, 2.5 ], "texture": "#texture" },
        "east":  { "uv": [ 2.5, 1, 4, 2.5 ], "texture": "#texture" }
    }
},
{
    "from": [ 7.5, 11.5, 9 ],
    "to": [ 8.5, 13.5, 10 ],
    "rotation": { "origin": [ 7.5, 13.5, 9 ], "axis": "x", "angle": -22.5 },
    "faces": {
        "down":  { "uv": [ 8.5, 13, 7.5, 12 ], "texture": "#texture" },
        "up":    { "uv": [ 7.5, 12, 8.5, 13 ], "texture": "#texture" },
        "north": { "uv": [ 7.5, 2, 8.5, 4 ], "texture": "#texture" },
        "south": { "uv": [ 7.5, 2, 8.5, 4 ], "texture": "#texture" },
        "west":  { "uv": [ 12, 2, 13, 4 ], "texture": "#texture" },
        "east":  { "uv": [ 3, 2, 4, 4 ], "texture": "#texture" }
    }
},
{
    "from": [ 7, 13.5, 8 ],
    "to": [ 9, 15, 10.5 ],
    "faces": {
        "down":  { "uv": [ 9, 10.5, 7, 8 ], "texture": "#texture" },
        "up":    { "uv": [ 7, 8, 9, 10.5 ], "texture": "#texture" },
        "north": { "uv": [ 7, 1, 9, 2.5 ], "texture": "#texture" },
        "south": { "uv": [ 7, 1, 9, 2.5 ], "texture": "#texture" },
        "west":  { "uv": [ 8, 1, 10.5, 2.5 ], "texture": "#texture" },
        "east":  { "uv": [ 5.5, 1, 8, 2.5 ], "texture": "#texture" }
    }
},
{
    "from": [ 7.875, 14.25, 10.5 ],
    "to": [ 8.125, 14.4375, 12.25 ],
    "faces": {
        "down":  { "uv": [ 8.125, 12.25, 7.875, 10.5 ], "texture": "#laser" },
        "up":    { "uv": [ 7.875, 10.5, 8.125, 12.25 ], "texture": "#laser" },
        "north": { "uv": [ 7.875, 1.5625, 8.125, 1.75 ], "texture": "#laser" },
        "south": { "uv": [ 7.875, 1.5625, 8.125, 1.75 ], "texture": "#laser" },
        "west":  { "uv": [ 10.5, 1.5625, 12.25, 1.75 ], "texture": "#laser" },
        "east":  { "uv": [ 3.75, 1.5625, 5.5, 1.75 ], "texture": "#laser" }
    }
},
{
    "from": [ 7.75, 14, 13.5 ],
    "to": [ 8.25, 14.5, 14.5 ],
    "faces": {
        "down":  { "uv": [ 8.25, 14.5, 7.75, 13.5 ], "texture": "#texture" },
        "up":    { "uv": [ 7.75, 13.5, 8.25, 14.5 ], "texture": "#texture" },
        "north": { "uv": [ 7.75, 1.5, 8.25, 2 ], "texture": "#texture" },
        "south": { "uv": [ 7.75, 1.5, 8.25, 2 ], "texture": "#texture" },
        "west":  { "uv": [ 13.5, 1.5, 14.5, 2 ], "texture": "#texture" },
        "east":  { "uv": [ 1.5, 1.5, 2.5, 2 ], "texture": "#texture" }
    }
}
],
"display": {
    "thirdperson": {
        "rotation": [ 0, -92, 90 ],
        "translation": [ 0, 0.1, -0.5 ],
        "scale": [ 0.75, 0.75, 0.5 ]
    },
    "ground": {
        "rotation": [ 0, 0, 0 ],
        "translation": [ 0, -6.6, 0 ],
        "scale": [ 2, 2, 2 ]
    },
    "fixed": {
        "rotation": [ 0, -90, 0 ],
        "translation": [ 0, 0.5, -0.2 ],
        "scale": [ 2, 2, 2 ]
    },
    "firstperson": {
        "rotation": [ -11, 65, 6 ],
        "translation": [ 0, 0, 0 ],
        "scale": [ 2, 2, 2 ]
    },
    "gui": {
        "rotation": [ 0, 0, 0 ],
        "translation": [ 0, 0, 0 ],
        "scale": [ 2, 2, 2 ]
    }
}
}